Language,Family
English,Indo-European
Chinese,Sino-Tibetan
Mandarin,Sino-Tibetan
Cantonese,Sino-Tibetan
Finnish,Uralic
Italian,Indo-European
Spanish,Indo-European
French,Indo-European
Min Nan,Sino-Tibetan
Japanese,Japonic
Romanian,Indo-European
German,Indo-European
Portuguese,Indo-European
Polish,Indo-European
Serbo-Croatian,Indo-European
Dutch,Indo-European
Russian,Indo-European
Macedonian,Indo-European
Latin,Indo-European
Korean,Koreanic
Czech,Indo-European
Vietnamese,Austroasiatic
Middle English,Indo-European
Hungarian,Uralic
Hakka,Sino-Tibetan
Greek,Indo-European
Swedish,Indo-European
Catalan,Indo-European
Norwegian Nynorsk,Indo-European
Norwegian Bokmål,Indo-European
Teochew,Sino-Tibetan
Irish,Indo-European
Esperanto,constructed
Arabic,Afroasiatic
Icelandic,Indo-European
Ancient Greek,Indo-European
Armenian,Indo-European
Danish,Indo-European
Middle Chinese,Sino-Tibetan
Telugu,Dravidian
Georgian,Kartvelian
Thai,Kra-Dai
Turkish,Turkic
Hindi,Indo-European
Tagalog,Austronesian
Old Chinese,Sino-Tibetan
Galician,Indo-European
Wu,Sino-Tibetan
Cebuano,Austronesian
Latvian,Indo-European
Min Dong,Sino-Tibetan
Indonesian,Austronesian
Persian,Indo-European
Old English,Indo-European
Hebrew,Afroasiatic
Scottish Gaelic,Indo-European
Ukrainian,Indo-European
Bulgarian,Indo-European
Norman,Indo-European
Kazakh,Turkic
Azerbaijani,Turkic
Old French,Indo-European
Welsh,Indo-European
Albanian,Indo-European
Ido,constructed
Xiang,Sino-Tibetan
Jin,Sino-Tibetan
Swahili,Niger-Congo
Manx,Indo-European
Khmer,Austroasiatic
Faroese,Indo-European
Estonian,Uralic
Old Armenian,Indo-European
Sanskrit,Indo-European
Yiddish,Indo-European
Malay,Austronesian
Slovak,Indo-European
Taishanese,Sino-Tibetan
Luxembourgish,Indo-European
Min Bei,Sino-Tibetan
Adyghe,North Caucasian
Maltese,Afroasiatic
Asturian,Indo-European
Gan,Sino-Tibetan
Lithuanian,Indo-European
Burmese,Sino-Tibetan
Proto-Germanic,Indo-European
Navajo,Dene-Yeniseian
Pali,Indo-European
Afrikaans,Indo-European
Slovene,Indo-European
Occitan,Indo-European
Tamil,Dravidian
Dungan,Sino-Tibetan
Urdu,Indo-European
Northern Sami,Uralic
Aromanian,Indo-European
Old Norse,Indo-European
Bengali,Indo-European
Malagasy,Austronesian
Classical Nahuatl,Uto-Aztecan
Belarusian,Indo-European
Middle French,Indo-European
Old Church Slavonic,Indo-European
Assamese,Indo-European
Gothic,Indo-European
Proto-West Germanic,Indo-European
Gujarati,Indo-European
Malayalam,Dravidian
Mongolian,Mongolic
Proto-Slavic,Indo-European
Xhosa,Niger-Congo
Scots,Indo-European
Ottoman Turkish,Turkic
Zulu,Niger-Congo
Westrobothnian,Indo-European
Tibetan,Sino-Tibetan
Egyptian,Afroasiatic
Bashkir,Turkic
Basque,Vasconic
Phalura,Indo-European
Plautdietsch,Indo-European
Volapük,constructed
South Levantine Arabic,Afroasiatic
Northern Kurdish,Indo-European
Venetian,Indo-European
Old Irish,Indo-European
Classical Syriac,Afroasiatic
Crimean Tatar,Turkic
Greenlandic,Eskimo-Aleut
Lojban,constructed
Romansch,Indo-European
Cimbrian,Indo-European
Klingon,constructed
Interlingua,constructed
Bikol Central,Austronesian
Veps,Uralic
Old Saxon,Indo-European
Quechua,Quechuan
Tocharian B,Indo-European
Javanese,Austronesian
Marathi,Indo-European
Hawaiian,Austronesian
Quenya,constructed
Coptic,Afroasiatic
Friulian,Indo-European
Manchu,Tungusic
Sicilian,Indo-European
Aramaic,Afroasiatic
Norwegian,Indo-European
Old High German,Indo-European
Alemannic German,Indo-European
Hausa,Afroasiatic
West Frisian,Indo-European
Nepali,Indo-European
Punjabi,Indo-European
Cherokee,Iroquoian
Ladino,Indo-European
Zhuang,Kra-Dai
Hiligaynon,Austronesian
Ingrian,Uralic
Saterland Frisian,Indo-European
Tok Pisin,creole or pidgin
Yoruba,Niger-Congo
Moroccan Arabic,Afroasiatic
Lower Sorbian,Indo-European
Swazi,Niger-Congo
Lao,Kra-Dai
Central Nahuatl,Uto-Aztecan
Middle Dutch,Indo-European
Pennsylvania German,Indo-European
Uzbek,Turkic
Cornish,Indo-European
Proto-Samic,Uralic
Yola,Indo-European
Hunsrik,Indo-European
Ladin,Indo-European
Uyghur,Turkic
Kannada,Dravidian
Breton,Indo-European
Proto-Indo-European,Indo-European
Pashto,Indo-European
Proto-Finnic,Uralic
Tajik,Indo-European
Phuthi,Niger-Congo
Tatar,Turkic
Vilamovian,Indo-European
Kashmiri,Indo-European
Kyrgyz,Turkic
Afar,Afroasiatic
Kumyk,Turkic
Ternate,West Papuan
Haitian Creole,creole or pidgin
Dalmatian,Indo-European
Kikuyu,Niger-Congo
Garo,Sino-Tibetan
Jeju,Koreanic
Sundanese,Austronesian
Maori,Austronesian
Ojibwe,Algic
Walloon,Indo-European
Kabuverdianu,creole or pidgin
Oromo,Afroasiatic
Karao,Austronesian
Marshallese,Austronesian
Ligurian,Indo-European
Sardinian,Indo-European
Piedmontese,Indo-European
Amharic,Afroasiatic
Kabardian,North Caucasian
Mapudungun,Araucanian
Mauritian Creole,creole or pidgin
Aragonese,Indo-European
Lule Sami,Uralic
Hijazi Arabic,Afroasiatic
Somali,Afroasiatic
Maranao,Austronesian
Old Dutch,Indo-European
Sranan Tongo,creole or pidgin
Kavalan,Austronesian
Proto-Celtic,Indo-European
Kashubian,Indo-European
German Low German,Indo-European
Neapolitan,Indo-European
Romani,Indo-European
Chichewa,Niger-Congo
Chuukese,Austronesian
Laz,Kartvelian
Papiamentu,creole or pidgin
Ilocano,Austronesian
Southern Altai,Turkic
Zazaki,Indo-European
Turkmen,Turkic
Chechen,North Caucasian
Central Huasteca Nahuatl,Uto-Aztecan
Makasar,Austronesian
Lushootseed,Salishan
Yakut,Turkic
Amis,Austronesian
Karelian,Uralic
Silesian,Indo-European
Ugaritic,Afroasiatic
Tuvan,Turkic
Dupaningan Agta,Austronesian
Inupiaq,Eskimo-Aleut
Corsican,Indo-European
Magahi,Indo-European
Chickasaw,Muskogean
Prakrit,Indo-European
Central Atlas Tamazight,Afroasiatic
Livonian,Uralic
Komi-Zyrian,Uralic
Bambara,Niger-Congo
Old Swedish,Indo-European
Unami,Algic
Okinawan,Japonic
Yogad,Austronesian
Interlingue,constructed
Sotho,Niger-Congo
Middle Korean,Koreanic
Proto-Indo-Iranian,Indo-European
Old Spanish,Indo-European
Low German,Indo-European
Nanai,Tungusic
Central Franconian,Indo-European
Erzya,Uralic
Novial,constructed
Wolof,Niger-Congo
Tigrinya,Afroasiatic
Eastern Huasteca Nahuatl,Uto-Aztecan
Waray-Waray,Austronesian
Chuvash,Turkic
Lindu,Austronesian
Upper Sorbian,Indo-European
Emilian,Indo-European
Old Portuguese,Indo-European
Skolt Sami,Uralic
Sakizaya,Austronesian
Southern Ndebele,Niger-Congo
Mon,Austroasiatic
Gamilaraay,Pama-Nyungan
Ossetian,Indo-European
Urak Lawoi',Austronesian
Inari Sami,Uralic
North Frisian,Indo-European
Old Occitan,Indo-European
Proto-Brythonic,Indo-European
Shan,Kra-Dai
Ainu,isolate
Bourguignon,Indo-European
Evenki,Tungusic
Rwanda-Rundi,Niger-Congo
Gulf Arabic,Afroasiatic
Old Javanese,Austronesian
Tausug,Austronesian
Pite Sami,Uralic
Ewe,Niger-Congo
Sumerian,isolate
Taos,Kiowa-Tanoan
Oriya,Indo-European
Võro,Uralic
Tarantino,Indo-European
Old Frisian,Indo-European
Sambali,Austronesian
Old Polish,Indo-European
Lakota,Siouan-Catawban
Middle Irish,Indo-European
Votic,Uralic
Anguthimri,Pama-Nyungan
Limos Kalinga,Austronesian
Egyptian Arabic,Afroasiatic
Tetum,Austronesian
Balinese,Austronesian
Cahuilla,Uto-Aztecan
Kalasha,Indo-European
Limburgish,Indo-European
Proto-Italic,Indo-European
Oroqen,Tungusic
Western Apache,Dene-Yeniseian
Fula,Niger-Congo
Lombard,Indo-European
Kapampangan,Austronesian
Tetelcingo Nahuatl,Uto-Aztecan
Northern Ndebele,Niger-Congo
Chamicuro,Arawakan
Louisiana Creole French,creole or pidgin
Dakota,Siouan-Catawban
Old Georgian,Kartvelian
Avar,North Caucasian
Maquiritari,Cariban
Ingush,North Caucasian
Na'vi,constructed
Santali,Austroasiatic
Newar,Sino-Tibetan
Shona,Niger-Congo
Inuktitut,Eskimo-Aleut
Istriot,Indo-European
Brunei Malay,Austronesian
Higaonon,Austronesian
Akkadian,Afroasiatic
Konkani,Indo-European
Mansaka,Austronesian
Middle Armenian,Indo-European
Buryat,Mongolic
Old Gujarati,Indo-European
Ludian,Uralic
Khumi Chin,Sino-Tibetan
Mirandese,Indo-European
Tocharian A,Indo-European
Lingala,Niger-Congo
Aghwan,North Caucasian
Atong (India),Sino-Tibetan
Namuyi,Sino-Tibetan
Franco-Provençal,Indo-European
Baluchi,Indo-European
Polabian,Indo-European
Proto-Malayo-Polynesian,Austronesian
Fijian,Austronesian
Romagnol,Indo-European
Central Kurdish,Indo-European
Livvi,Uralic
Proto-Turkic,Turkic
Tokelauan,Austronesian
Moksha,Uralic
Samoan,Austronesian
Yami,Austronesian
Mingrelian,Kartvelian
Rapa Nui,Austronesian
Ge'ez,Afroasiatic
Seychellois Creole,creole or pidgin
Yucatec Maya,Mayan
Old Persian,Indo-European
Abkhaz,North Caucasian
Latgalian,Indo-European
Masbatenyo,Austronesian
Choctaw,Muskogean
White Hmong,Hmong-Mien
Eastern Lawa,Austroasiatic
Lü,Kra-Dai
Khakas,Turkic
Iu Mien,Hmong-Mien
Plains Cree,Algic
Pitjantjatjara,Pama-Nyungan
Sichuan Yi,Sino-Tibetan
Kalmyk,Mongolic
Lashi,Sino-Tibetan
Dzongkha,Sino-Tibetan
Vai,Niger-Congo
Dhivehi,Indo-European
Guinea-Bissau Creole,creole or pidgin
Bhojpuri,Indo-European
Old Czech,Indo-European
Old Japanese,Japonic
Even,Tungusic
Bavarian,Indo-European
Mòcheno,Indo-European
Lezgi,North Caucasian
Proto-Uralic,Uralic
Aklanon,Austronesian
Zou,Sino-Tibetan
Tongan,Austronesian
Jamaican Creole,creole or pidgin
ǃXóõ,Tuu
Hadza,isolate
Yurok,Algic
Rukai,Austronesian
Saanich,Salishan
Tsonga,Niger-Congo
Dolgan,Turkic
Sidamo,Afroasiatic
Komi-Permyak,Uralic
Northern Sotho,Niger-Congo
Udmurt,Uralic
Proto-Balto-Slavic,Indo-European
Tlingit,Dene-Yeniseian
Laboya,Austronesian
Sinhalese,Indo-European
Farefare,Niger-Congo
Sindhi,Indo-European
Sylheti,Indo-European
Proto-Bantu,Niger-Congo
Malecite-Passamaquoddy,Algic
Leonese,Indo-European
Old Prussian,Indo-European
Tahitian,Austronesian
Venda,Niger-Congo
Murui Huitoto,Huitoto-Ocaina
Tswana,Niger-Congo
American Sign Language,sign language
'Are'are,Austronesian
Abinomn,isolate
Nivkh,isolate
Yagara,Pama-Nyungan
Antillean Creole,creole or pidgin
Guaraní,Tupian
West Flemish,Indo-European
Elfdalian,Indo-European
Old Tupi,Tupian
Proto-Iranian,Indo-European
Moore,Niger-Congo
Mycenaean Greek,Indo-European
Kabyle,Afroasiatic
Kildin Sami,Uralic
Lubuagan Kalinga,Austronesian
Tigre,Afroasiatic
Jingpho,Sino-Tibetan
Mecayapan Nahuatl,Uto-Aztecan
Semai,Austroasiatic
Proto-Mixtec,Oto-Manguean
K'iche',Mayan
S'gaw Karen,Sino-Tibetan
Middle Persian,Indo-European
Western Huasteca Nahuatl,Uto-Aztecan
Maguindanao,Austronesian
Southern Sami,Uralic
Biao,Kra-Dai
Nzadi,Niger-Congo
Avestan,Indo-European
North Levantine Arabic,Afroasiatic
Rohingya,Indo-European
Rusyn,Indo-European
Ese,Trans-New Guinea
Old East Slavic,Indo-European
Kanakanabu,Austronesian
Eastern Arrernte,Pama-Nyungan
Proto-Algonquian,Algic
Thao,Austronesian
Yámana,isolate
Wiradhuri,Pama-Nyungan
Dibabawon Manobo,Austronesian
Proto-Austronesian,Austronesian
Hittite,Indo-European
Shor,Turkic
Eastern Maninkakan,Niger-Congo
Gagauz,Turkic
Tabasaran,North Caucasian
Aleut,Eskimo-Aleut
Proto-Semitic,Afroasiatic
Tundra Nenets,Uralic
Bahnar,Austroasiatic
Middle Low German,Indo-European
Pipil,Uto-Aztecan
Acehnese,Austronesian
Rajasthani,Indo-European
Udi,North Caucasian
Chavacano,creole or pidgin
Ume Sami,Uralic
Miyako,Japonic
Hopi,Uto-Aztecan
San Juan Quiahije Chatino,Oto-Manguean
Yup'ik,Eskimo-Aleut
Brooke's Point Palawano,Austronesian
Purepecha,isolate
Ngarrindjeri,Pama-Nyungan
Aiwoo,Austronesian
Palauan,Austronesian
Toki Pona,constructed
Arapaho,Algic
Yakan,Austronesian
Carrier,Dene-Yeniseian
Gallo,Indo-European
Mansi,Uralic
Itelmen,Chukotko-Kamchatkan
Eastern Mari,Uralic
Kambera,Austronesian
Abenaki,Algic
Proto-Malayic,Austronesian
Tulu,Dravidian
Ashokan Prakrit,Indo-European
Old Marathi,Indo-European
Asi,Austronesian
Proto-Hellenic,Indo-European
A'ou,Kra-Dai
Vaghri,Indo-European
Kachchi,Indo-European
Noone,Niger-Congo
Libyan Arabic,Afroasiatic
Menominee,Algic
Proto-Japonic,Japonic
Central Sierra Miwok,Yok-Utian
Manipuri,Sino-Tibetan
Proto-Sino-Tibetan,Sino-Tibetan
Wauja,Arawakan
Maharastri Prakrit,Indo-European
San Pedro Amuzgos Amuzgo,Oto-Manguean
Igbo,Niger-Congo
Phoenician,Afroasiatic
Yagnobi,Indo-European
Highland Popoluca,Mixe-Zoquean
Extremaduran,Indo-European
Italiot Greek,Indo-European
Proto-Basque,Vasconic
Yonaguni,Japonic
Khorezmian Turkic,Turkic
Nyah Kur,Austroasiatic
Mi'kmaq,Algic
Chamorro,Austronesian
Fiji Hindi,Indo-European
Tai Dam,Kra-Dai
Western Bukidnon Manobo,Austronesian
Yamphu,Sino-Tibetan
Mazanderani,Indo-European
Ter Sami,Uralic
Bislama,creole or pidgin
Wiyot,Algic
Early Assamese,Indo-European
Pohnpeian,Austronesian
Northern Ohlone,Yok-Utian
Scanian,Indo-European
Western Lawa,Austroasiatic
Fanagalo,creole or pidgin
Barngarla,Pama-Nyungan
Matal,Afroasiatic
Khowar,Indo-European
Middle High German,Indo-European
Tsou,Austronesian
Khaling,Sino-Tibetan
Southern Yukaghir,Yukaghir
Picard,Indo-European
Mayo,Uto-Aztecan
Yaeyama,Japonic
Akan,Niger-Congo
Kunigami,Japonic
O'odham,Uto-Aztecan
Dongxiang,Mongolic
Tzotzil,Mayan
Kaurna,Pama-Nyungan
Proto-Polynesian,Austronesian
Southeastern Tepehuan,Uto-Aztecan
Nias,Austronesian
Proto-Ryukyuan,Japonic
Lingua Franca Nova,constructed
Proto-Nakh,North Caucasian
Proto-Vietic,Austroasiatic
Karachay-Balkar,Turkic
Muak Sa-aak,Austroasiatic
Old South Arabian,Afroasiatic
Mezquital Otomi,Oto-Manguean
Ulch,Tungusic
Nauruan,Austronesian
Tabaru,West Papuan
Gaulish,Indo-European
Middle Welsh,Indo-European
Limbu,Sino-Tibetan
Gandhari,Indo-European
Northern Thai,Kra-Dai
Zoogocho Zapotec,Oto-Manguean
Mang,Austroasiatic
Norn,Indo-European
Teposcolula Mixtec,Oto-Manguean
Yosondúa Mixtec,Oto-Manguean
Bouyei,Kra-Dai
Northern Puebla Nahuatl,Uto-Aztecan
Southwestern Fars,Indo-European
Wutunhua,unclassified
Guugu Yimidhirr,Pama-Nyungan
Khitan,Mongolic
Mwani,Niger-Congo
Old Turkic,Turkic
Tiruray,Austronesian
Torres Strait Creole,creole or pidgin
Tai Nüa,Kra-Dai
Slavomolisano,Indo-European
Martuthunira,Pama-Nyungan
Old Nubian,Nilo-Saharan
Zacatlán-Ahuacatlán-Tepetzintla Nahuatl,Uto-Aztecan
Kamba,Niger-Congo
Kaqchikel,Mayan
Kott,Dene-Yeniseian
Lolopo,Sino-Tibetan
Proto-Mon-Khmer,Austroasiatic
Abaga,Trans-New Guinea
Dutch Low Saxon,Indo-European
Archi,North Caucasian
Old Danish,Indo-European
Squamish,Salishan
Koasati,Muskogean
Svan,Kartvelian
Warlpiri,Pama-Nyungan
Braj,Indo-European
Saaroa,Austronesian
San Juan Atzingo Popoloca,Oto-Manguean
Munsee,Algic
Samogitian,Indo-European
Maia,Trans-New Guinea
Omok,Yukaghir
Chibcha,Macro-Chibchan
Maithili,Indo-European
Niya Prakrit,Indo-European
Solon,Tungusic
Toba Batak,Austronesian
Alutor,Chukotko-Kamchatkan
Guerrero Nahuatl,Uto-Aztecan
Klallam,Salishan
Pnar,Austroasiatic
Rotokas,North Bougainville
Etruscan,Tyrsenian
Rayón Zoque,Mixe-Zoquean
Wolio,Austronesian
Bats,North Caucasian
Proto-Norse,Indo-European
Western Kayah,Sino-Tibetan
Kalo Finnish Romani,Indo-European
Northern Catanduanes Bicolano,Austronesian
Udihe,Tungusic
Assyrian Neo-Aramaic,Afroasiatic
Jamamadí,Arauan
Kolami,Dravidian
Morelos Nahuatl,Uto-Aztecan
Tataltepec Chatino,Oto-Manguean
Seri,isolate
Old Tamil,Dravidian
Kriol,creole or pidgin
Pa'o Karen,Sino-Tibetan
Proto-Nguni,Niger-Congo
Cheyenne,Algic
Chichicapan Zapotec,Oto-Manguean
Hajong,mixed
Kholosi,Indo-European
Mwan,Niger-Congo
Crimean Gothic,Indo-European
Gong,Sino-Tibetan
Kankanaey,Austronesian
Ometepec Nahuatl,Uto-Aztecan
Punic,Afroasiatic
Rawang,Sino-Tibetan
Central Tarahumara,Uto-Aztecan
Minangkabau,Austronesian
Old Punjabi,Indo-European
Proto-Albanian,Indo-European
Proto-Tungusic,Tungusic
Andi,North Caucasian
Tumbuka,Niger-Congo
Darkinjung,Pama-Nyungan
Orizaba Nahuatl,Uto-Aztecan
Garifuna,Arawakan
Awadhi,Indo-European
Isan,Kra-Dai
Tarifit,Afroasiatic
Jarai,Austronesian
Okanagan,Salishan
Papantla Totonac,Totonacan
Shuar,Jivaroan
South Slavey,Dene-Yeniseian
Yakkha,Sino-Tibetan
Karakhanid,Turkic
Northern Paiute,Uto-Aztecan
Orok,Tungusic
Proto-Circassian,North Caucasian
Crow,Siouan-Catawban
Highland Puebla Nahuatl,Uto-Aztecan
Lillooet,Salishan
Tangut,Sino-Tibetan
Chong,Austroasiatic
Mohegan-Pequot,Algic
Southern Ohlone,Yok-Utian
Burushaski,isolate
Proto-Dravidian,Dravidian
San Miguel el Grande Mixtec,Oto-Manguean
Temascaltepec Nahuatl,Uto-Aztecan
Bandjalang,Pama-Nyungan
Bau Bidayuh,Austronesian
Kokborok,Sino-Tibetan
Muong,Austroasiatic
Old Korean,Koreanic
Ratagnon,Austronesian
Turoyo,Afroasiatic
Chinook Jargon,creole or pidgin
Cuyunon,Austronesian
Isnag,Austronesian
Saek,Kra-Dai
Chagatai,Turkic
Drehu,Austronesian
Alabama,Muskogean
Aymara,Aymaran
Cia-Cia,Austronesian
Niuean,Austronesian
Alangan,Austronesian
Lala (South Africa),Niger-Congo
Moroccan Amazigh,Afroasiatic
Northern East Cree,Algic
Pangutaran Sama,Austronesian
Budukh,North Caucasian
Coatepec Nahuatl,Uto-Aztecan
Doteli,Indo-European
Huichol,Uto-Aztecan
Istro-Romanian,Indo-European
Lishana Deni,Afroasiatic
Old Hindi,Indo-European
Talysh,Indo-European
Zacatepec Chatino,Oto-Manguean
ǃKung,Kx'a
Faliscan,Indo-European
Mandaic,Afroasiatic
Taroko,Austronesian
Western Pwo,Sino-Tibetan
Caló,mixed
Central Melanau,Austronesian
Magdalena Peñasco Mixtec,Oto-Manguean
Mandinka,Niger-Congo
Pangasinan,Austronesian
Shabo,Nilo-Saharan
Hlai,Kra-Dai
Koryak,Chukotko-Kamchatkan
Proto-Mongolic,Mongolic
Bassa,Niger-Congo
Comanche,Uto-Aztecan
Gamale Kham,Sino-Tibetan
Ibaloi,Austronesian
Luo,Nilo-Saharan
Nigerian Pidgin,creole or pidgin
Umbundu,Niger-Congo
Ajië,Austronesian
Ibatan,Austronesian
Mohawk,Iroquoian
Nganasan,Uralic
Proto-Oceanic,Austronesian
Sudovian,Indo-European
Tagakaulu Kalagan,Austronesian
Isthmus Zapotec,Oto-Manguean
Pijin,creole or pidgin
Banjarese,Austronesian
Bolak,constructed
Kurtop,Sino-Tibetan
Bodo (India),Sino-Tibetan
Buginese,Austronesian
Chakma,Indo-European
Gooniyandi,Bunuban
Ladakhi,Sino-Tibetan
Nihali,isolate
Totontepec Mixe,Mixe-Zoquean
Welsh Romani,Indo-European
Chayuco Mixtec,Oto-Manguean
East Central German,Indo-European
Saisiyat,Austronesian
San Juan Guelavía Zapotec,Oto-Manguean
Cree,Algic
Nogai,Turkic
Nyunga,Pama-Nyungan
Proto-Philippine,Austronesian
Borôro,Macro-Jê
Chukchi,Chukotko-Kamchatkan
Karo Batak,Austronesian
Maricopa,Yuman-Cochimí
Matigsalug Manobo,Austronesian
Mopan Maya,Mayan
Talossan,constructed
Tezoatlán Mixtec,Oto-Manguean
Tuvaluan,Austronesian
Balantak,Austronesian
Champenois,Indo-European
Gwich'in,Dene-Yeniseian
Kamassian,Uralic
Ket,Dene-Yeniseian
Karakalpak,Turkic
Luwian,Indo-European
Negidal,Tungusic
Zealandic,Indo-European
Amanab,Border
Binukid,Austronesian
Blagar,Trans-New Guinea
Cora,Uto-Aztecan
Iban,Austronesian
Iraqi Arabic,Afroasiatic
Malvi,Indo-European
Proto-Abkhaz-Abaza,North Caucasian
Tagabawa,Austronesian
Woiwurrung,Pama-Nyungan
Bulgar,Turkic
Khanty,Uralic
Northern Tepehuan,Uto-Aztecan
Yatzachi Zapotec,Oto-Manguean
Abaza,North Caucasian
Fala,Indo-European
Maore Comorian,Niger-Congo
Samaritan Aramaic,Afroasiatic
Tboli,Austronesian
Yapese,Austronesian
Daur,Mongolic
Garhwali,Indo-European
Huave,isolate
Ibanag,Austronesian
Kayapa Kallahan,Austronesian
Mewari,Indo-European
Mozarabic,Indo-European
San Juan Colorado Mixtec,Oto-Manguean
Slovincian,Indo-European
Alcozauca Mixtec,Oto-Manguean
Arikara,Caddoan
Baha,Kra-Dai
Carian,Indo-European
Copala Triqui,Oto-Manguean
Francisco León Zoque,Mixe-Zoquean
Isthmus Mixe,Mixe-Zoquean
Ivatan,Austronesian
Jakaltek,Mayan
Old Kannada,Dravidian
West Coast Bajau,Austronesian
Dinka,Nilo-Saharan
Megleno-Romanian,Indo-European
Northern Yukaghir,Yukaghir
Pochutec,Uto-Aztecan
Sholaga,Dravidian
Southern Kurdish,Indo-European
Chiquihuitlán Mazatec,Oto-Manguean
Gutnish,Indo-European
Kagayanen,Austronesian
Montana Salish,Salishan
Paiwan,Austronesian
Proto-Mayan,Mayan
Tambora,Papuan
Tübatulabal,Uto-Aztecan
Bella Coola,Salishan
Bishnupriya Manipuri,Indo-European
Bolinao,Austronesian
Pumpokol,Dene-Yeniseian
Shina,Indo-European
Vandalic,Indo-European
Western Mari,Uralic
Dargwa,North Caucasian
Lydian,Indo-European
Meriam,Trans-New Guinea
Meroitic,Afroasiatic
Middle Vietnamese,Austroasiatic
Minoan,unclassified
Proto-Algic,Algic
Chinese Pidgin English,creole or pidgin
Gunwinggu,Arnhem
Madurese,Austronesian
Mizo,Sino-Tibetan
Old Novgorodian,Indo-European
Proto-Tocharian,Indo-European
Pukapukan,Austronesian
Salar,Turkic
Dacian,Indo-European
Kom (Cameroon),Niger-Congo
Marwari,Indo-European
Proto-Kartvelian,Kartvelian
Demotic,Afroasiatic
Halkomelem,Salishan
Old Uyghur,Turkic
Proto-Chatino,Oto-Manguean
Central Mazahua,Oto-Manguean
Ngaju,Austronesian
Pitcairn-Norfolk,creole or pidgin
Rade,Austronesian
Eskayan,constructed
Hiri Motu,creole or pidgin
Krio,creole or pidgin
Bunun,Austronesian
Bura,Afroasiatic
Dharug,Pama-Nyungan
Dogri,Indo-European
Dyula,Niger-Congo
Judeo-Tat,Indo-European
Kalami,Indo-European
Lak,North Caucasian
Parthian,Indo-European
Saraiki,Indo-European
Columbia-Wenatchi,Salishan
Keley-I Kallahan,Austronesian
Koyraboro Senni,Nilo-Saharan
Luganda,Niger-Congo
Láadan,constructed
Seneca,Iroquoian
Simalungun Batak,Austronesian
Aquitanian,Vasconic
Ayu,Niger-Congo
Bakhtiari,Indo-European
Dumbea,Austronesian
Khoekhoe,Khoe-Kwadi
Kven,Uralic
Ngiyambaa,Pama-Nyungan
Paipai,Yuman-Cochimí
Sango,creole or pidgin
Soninke,Niger-Congo
Wanyi,Garawan
Belizean Creole,creole or pidgin
Kaingang,Macro-Jê
Khamti,Kra-Dai
Lacandon,Mayan
Lozi,Niger-Congo
Nyishi,Sino-Tibetan
Old Median,Indo-European
Paraguayan Guaraní,Tupian
Pawnee,Caddoan
Proto-Tai,Kra-Dai
Wathaurong,Pama-Nyungan
West Albay Bikol,Austronesian
Alutiiq,Eskimo-Aleut
Alviri-Vidari,Indo-European
Arabela,Zaparoan
Cappadocian Greek,Indo-European
Icelandic Sign Language,sign language
Kongo,Niger-Congo
Lapine,constructed
Lycian,Indo-European
Matlatzinca,Oto-Manguean
Pattani Malay,Austronesian
Proto-Arawak,Arawakan
Rajbanshi,Indo-European
Tsakonian,Indo-European
Western Juxtlahuaca Mixtec,Oto-Manguean
Bactrian,Indo-European
Bukiyip,Torricelli
Gokana,Niger-Congo
Jarawa,Ongan
Khiamniungan Naga,Sino-Tibetan
Laki,Indo-European
Luhya,Niger-Congo
Nivaclé,Mataco-Guaicuru
Proto-Uto-Aztecan,Uto-Aztecan
Torwali,Indo-European
Urum,Turkic
Zaghawa,Nilo-Saharan
Arin,Dene-Yeniseian
Dama (Sierra Leone),Niger-Congo
Dogrib,Dene-Yeniseian
Khinalug,North Caucasian
Khvarshi,North Caucasian
Kristang,creole or pidgin
Lote,Austronesian
Miskito,Macro-Chibchan
Ngazidja Comorian,Niger-Congo
Proto-Nahuan,Uto-Aztecan
Samaritan Hebrew,Afroasiatic
Teressa,Austroasiatic
Tojolabal,Mayan
Tolai,Austronesian
Yoron,Japonic
Blackfoot,Algic
Garawa,Garawan
Gorontalo,Austronesian
Hawaiian Creole,creole or pidgin
Jamtish,Indo-European
Tehuelche,Chonan
Umbrian,Indo-European
Upper Chehalis,Salishan
Betawi,creole or pidgin
Michoacán Nahuatl,Uto-Aztecan
Thompson,Salishan
Thracian,Indo-European
Transylvanian Saxon,Indo-European
Wakhi,Indo-European
Washo,unclassified
Wastek,Mayan
Ahom,Kra-Dai
Algonquin,Algic
Dagbani,Niger-Congo
Domari,Indo-European
Indo-Portuguese,creole or pidgin
Middle Bengali,Indo-European
Pela,Sino-Tibetan
San Martín Itunyoso Triqui,Oto-Manguean
Sasak,Austronesian
Taivoan,Austronesian
Tashelhit,Afroasiatic
Weyewa,Austronesian
Written Oirat,Mongolic
Bezhta,North Caucasian
Gofa,Afroasiatic
Kumeyaay,Yuman-Cochimí
Lepcha,Sino-Tibetan
Meänkieli,Uralic
Tat,Indo-European
Tsat,Austronesian
Tunisian Arabic,Afroasiatic
Wallisian,Austronesian
Central Cagayan Agta,Austronesian
Chicahuaxtla Triqui,Oto-Manguean
Chipewyan,Dene-Yeniseian
Gilbertese,Austronesian
Guerrero Amuzgo,Oto-Manguean
Kamta,Indo-European
Krisa,Sko
Michif,mixed
Yaqui,Uto-Aztecan
ǁAni,Khoe-Kwadi
Adnyamathanha,Pama-Nyungan
Ambonese Malay,creole or pidgin
Gullah,creole or pidgin
Northern Altai,Turkic
Oki-No-Erabu,Japonic
Old Anatolian Turkish,Turkic
Proto-Permic,Uralic
Teop,Austronesian
Tuareg,Afroasiatic
Wik-Mungkan,Pama-Nyungan
Zaniza Zapotec,Oto-Manguean
Aiton,Kra-Dai
Aukan,creole or pidgin
Dena'ina,Dene-Yeniseian
Penobscot,Algic
Pirahã,Muran
Proto-Chamic,Austronesian
Sikkimese,Sino-Tibetan
Tarao,Sino-Tibetan
Teribe,Macro-Chibchan
Yindjibarndi,Pama-Nyungan
Capiznon,Austronesian
Harari,Afroasiatic
Jersey Dutch,Indo-European
Kedah Malay,Austronesian
Kipchak,Turkic
Mapun,Austronesian
Oscan,Indo-European
Proto-Anatolian,Indo-European
Proto-Bahnaric,Austroasiatic
Rarotongan,Austronesian
Thavung,Austroasiatic
Adangme,Niger-Congo
Creek,Muskogean
Gondi,Dravidian
Guajajára,Tupian
Haida,isolate
Nobiin,Nilo-Saharan
Primitive Irish,Indo-European
Rhine Franconian,Indo-European
Umbu-Ungu,Trans-New Guinea
Warao,isolate
Ama,Arai-Samaia
Beaver,Dene-Yeniseian
Casiguran Dumagat Agta,Austronesian
Communicationssprache,constructed
Hunzib,North Caucasian
Kimaragang,Austronesian
Ledo Kaili,Austronesian
Narungga,Pama-Nyungan
Ngam,Nilo-Saharan
Old Khmer,Austroasiatic
Proto-Trans-New Guinea,Trans-New Guinea
Tunica,isolate
Tzeltal,Mayan
Western Neo-Aramaic,Afroasiatic
Apalaí,Cariban
Assan,Dene-Yeniseian
Ixil,Mayan
Jurchen,Tungusic
Kikai,Japonic
Pontic Greek,Indo-European
Proto-Georgian-Zan,Kartvelian
Proto-Zapotec,Oto-Manguean
Puyuma,Austronesian
Samoan Plantation Pidgin,creole or pidgin
Woi,Austronesian
Abau,Sepik
Algerian Arabic,Afroasiatic
Angloromani,creole or pidgin
Brahui,Dravidian
Buhid,Austronesian
Cupeño,Uto-Aztecan
Eastern Pwo,Sino-Tibetan
Kilivila,Austronesian
Kodava,Dravidian
Middle Norwegian,Indo-European
Miriwung,unclassified
Moabite,Afroasiatic
Mori Bawah,Austronesian
Nalca,Trans-New Guinea
Proto-West Semitic,Afroasiatic
Sathmar Swabian,Indo-European
Sinte Romani,mixed
Southern Thai,Kra-Dai
Uab Meto,Austronesian
A-Pucikwar,Great Andamanese
Aguaruna,Jivaroan
Ashe,Niger-Congo
Bariai,Austronesian
Eastern Cham,Austronesian
Gottscheerish,Indo-European
Kayapó,Macro-Jê
Klamath-Modoc,Plateau Penutian
Lingao,Kra-Dai
Old Welsh,Indo-European
Pacoh,Austroasiatic
Phake,Kra-Dai
Phrygian,Indo-European
Rabha,Sino-Tibetan
Rotuman,Austronesian
Zia,Trans-New Guinea
Zuni,isolate
Acholi,Nilo-Saharan
Agutaynen,Austronesian
Atayal,Austronesian
Bakung,Austronesian
Butuanon,Austronesian
Chachi,Barbacoan
Chol,Mayan
Coast Miwok,Yok-Utian
Copainalá Zoque,Mixe-Zoquean
Curripaco,Arawakan
Galibi Carib,Cariban
Hinukh,North Caucasian
Kerek,Chukotko-Kamchatkan
Kohistani Shina,Indo-European
Lepontic,Indo-European
Macanese,creole or pidgin
Oroch,Tungusic
Potawatomi,Algic
Proto-Nuristani,Indo-European
Proto-Tsezian,North Caucasian
Tagal Murut,Austronesian
Tapayuna,Macro-Jê
Xicotepec de Juárez Totonac,Totonacan
Ancient Macedonian,Indo-European
Arawak,Arawakan
Catawba,Siouan-Catawban
Coatlán Mixe,Mixe-Zoquean
Ditidaht,Wakashan
German Sign Language,German Sign Languages
Gojri,Indo-European
Kanuri,Nilo-Saharan
Lower Chehalis,Salishan
Lun Bawang,Austronesian
Proto-Chukotko-Kamchatkan,Chukotko-Kamchatkan
Proto-Eskimo,Eskimo-Aleut
Proto-Yukaghir,Yukaghir
Satawalese,Austronesian
Sauraseni Prakrit,Indo-European
Shuswap,Salishan
Southern Amami-Oshima,Japonic
Zarma,Nilo-Saharan
Aari,Afroasiatic
Assiniboine,Siouan-Catawban
Balkan Romani,Indo-European
Baure,Arawakan
Canela,Macro-Jê
Duala,Niger-Congo
Ga,Niger-Congo
Glosa,constructed
Gourmanchéma,Niger-Congo
Itawit,Austronesian
Khasi,Austroasiatic
Kwanyama,Niger-Congo
Northern Amami-Oshima,Japonic
Olekha,Sino-Tibetan
Pass Valley Yali,Trans-New Guinea
Proto-North Halmahera,West Papuan
Proto-Trique,Oto-Manguean
Tai Do,Kra-Dai
Tlamacazapa Nahuatl,Uto-Aztecan
Tofa,Turkic
Toku-No-Shima,Japonic
Angguruk Yali,Trans-New Guinea
Arem,Austroasiatic
Ayutla Mixtec,Oto-Manguean
Bissa,Niger-Congo
Carpathian Romani,Indo-European
Eton (Cameroon),Niger-Congo
Huaxcaleca Nahuatl,Uto-Aztecan
Inonhan,Austronesian
Jumaytepeque,Xincan
Mogholi,Mongolic
Mulam,Kra-Dai
Nez Perce,Plateau Penutian
Northern Tarahumara,Uto-Aztecan
Pictish,Indo-European
Proto-Athabaskan,Dene-Yeniseian
Proto-Otomi,Oto-Manguean
Proto-Salish,Salishan
Rakhine,Sino-Tibetan
Saurashtra,Indo-European
Tabaa Zapotec,Oto-Manguean
Tai Laing,Kra-Dai
Tsez,North Caucasian
Western Highland Chatino,Oto-Manguean
Atikamekw,Algic
Broome Pearling Lugger Pidgin,creole or pidgin
Carolinian,Austronesian
Cochimi,Yuman-Cochimí
Dhuwal,Pama-Nyungan
Gabrielino-Fernandeño,Uto-Aztecan
Iranun,Austronesian
Jutish,Indo-European
Kamkata-viri,Indo-European
Nukunu,unclassified
Omaha-Ponca,Siouan-Catawban
Proto-Great Andamanese,Great Andamanese
Proto-Inuit,Eskimo-Aleut
Proto-Zapotecan,Oto-Manguean
Sarcee,Dene-Yeniseian
South Marquesan,Austronesian
Southern Sierra Miwok,Yok-Utian
Tày,Kra-Dai
Vlax Romani,Indo-European
Andalusian Arabic,Afroasiatic
Berbice Creole Dutch,creole or pidgin
Bola,Austronesian
Caribbean Hindustani,Indo-European
Comox,Salishan
Fataluku,Timor-Alor-Pantar
Iwaidja,Iwaidjan
Karajá,Macro-Jê
Northern Khmer,Austroasiatic
Northern Qiang,Sino-Tibetan
Oluta Popoluca,Mixe-Zoquean
Panyjima,Pama-Nyungan
Proto-Batak,Austronesian
Proto-Central New South Wales,Pama-Nyungan
Proto-Eastern Malayo-Polynesian,Austronesian
Proto-Malayo-Chamic,Austronesian
Proto-Northwest Caucasian,North Caucasian
Sabaean,Afroasiatic
Sayula Popoluca,Mixe-Zoquean
Southern Kam,Kra-Dai
Sursurunga,Austronesian
Tachawit,Afroasiatic
Tangam,Sino-Tibetan
Taíno,Arawakan
Woods Cree,Algic
Afrihili,constructed
Anuta,Austronesian
Ch'orti',Mayan
Highland Totonac,Totonacan
Kiput,Austronesian
Lake Miwok,Yok-Utian
Lower Tanana,Dene-Yeniseian
Mandalorian,constructed
Manggarai,Austronesian
Massachusett,Algic
Miami,Algic
Paumarí,Arauan
Philistine,unclassified
Proto-Mixe-Zoque,Mixe-Zoquean
Proto-Nyulnyulan,Nyulnyulan
Proto-Sunda-Sulawesi,Austronesian
Quiripi,Algic
Savi,Indo-European
Sherpa,Sino-Tibetan
Swabian,Indo-European
Tacana,Pano-Tacanan
Tepecano,Uto-Aztecan
Wandala,Afroasiatic
Warungu,Pama-Nyungan
Whitesands,Austronesian
Adele,Niger-Congo
Balti,Sino-Tibetan
Central Bontoc,Austronesian
Chipaya,Uru-Chipaya
Cowlitz,Salishan
Cuiba,Guahiban
Eastern Durango Nahuatl,Uto-Aztecan
Godoberi,North Caucasian
Jemez,Kiowa-Tanoan
Koko-Bera,Pama-Nyungan
Kosraean,Austronesian
Lele (Guinea),Niger-Congo
Maaka,Afroasiatic
Mehri,Afroasiatic
Michoacán Mazahua,Oto-Manguean
Murrinh-Patha,Daly
Najdi Arabic,Afroasiatic
Neo,constructed
Powhatan,Algic
Proto-Malayo-Sumbawan,Austronesian
Proto-Nawiki,Arawakan
Proto-Scythian,Indo-European
Quapaw,Siouan-Catawban
Sabir,creole or pidgin
Sikaiana,Austronesian
Surigaonon,Austronesian
Tauya,Trans-New Guinea
Teojomulco Chatino,Oto-Manguean
Toro,Niger-Congo
Uma,Austronesian
Woleaian,Austronesian
Zay,Afroasiatic
Aeka,Trans-New Guinea
Allentiac,Huarpean
Ammonite,Afroasiatic
Annobonese,creole or pidgin
Arigidi,Niger-Congo
Baltic Romani,Indo-European
Bemba,Niger-Congo
Berawan,Austronesian
Bundeli,Indo-European
Car Nicobarese,Austroasiatic
East Futuna,Austronesian
Eastern Magar,Sino-Tibetan
Forest Enets,Uralic
Fulniô,isolate
Hanunoo,Austronesian
Hoyahoya,Trans-New Guinea
Huarijio,Uto-Aztecan
Jutiapa,Xincan
Karaim,Turkic
Lavukaleve,Papuan
Lotud,Austronesian
Mahou,Niger-Congo
Minaean,Afroasiatic
Mokpwe,Niger-Congo
Mongghul,Mongolic
Osage,Siouan-Catawban
Palenquero,creole or pidgin
Proto-Central-Eastern Malayo-Polynesian,Austronesian
Proto-Tupian,Tupian
Selkup,Uralic
Sinacantán,Xincan
Tangkhul Naga,Sino-Tibetan
Tavoyan,Sino-Tibetan
Tlahuica,Oto-Manguean
Toda,Dravidian
Tuamotuan,Austronesian
Xârâcùù,Austronesian
A-Hmao,Hmong-Mien
Adja,Niger-Congo
Ai-Cham,Kra-Dai
Aka-Bea,Great Andamanese
Anjam,Trans-New Guinea
Ankave,Trans-New Guinea
Anyi,Niger-Congo
Apinayé,Macro-Jê
Awabakal,Pama-Nyungan
Bintulu,Austronesian
Dimasa,Sino-Tibetan
East Franconian,Indo-European
Edo,Niger-Congo
Fox,Algic
Fyam,Niger-Congo
Ghotuo,Niger-Congo
Isubu,Niger-Congo
Kapingamarangi,Austronesian
Khün,Kra-Dai
Kickapoo,Algic
Kuna,Macro-Chibchan
Mandar,Austronesian
Mauwake,Trans-New Guinea
Maxakalí,Macro-Jê
Moken,Austronesian
Mundolinco,constructed
Nootka,Wakashan
Nuer,Nilo-Saharan
Nyankole,Niger-Congo
Proto-Berber,Afroasiatic
Proto-Shughni-Yazghulami-Munji,Indo-European
Ratahan,Austronesian
Rungus,Austronesian
Rutul,North Caucasian
Singpho,Sino-Tibetan
Situ,Sino-Tibetan
Suyá,Macro-Jê
Timugon Murut,Austronesian
Tiwi,isolate
Varhadi,Indo-European
Vurës,Austronesian
West Uvean,Austronesian
Yao,Niger-Congo
Aghul,North Caucasian
Ashkun,Indo-European
Baekje,Koreanic
Banyumasan,Austronesian
Baoule,Niger-Congo
Barunggam,Pama-Nyungan
Boko,Niger-Congo
Chiquitano,isolate
Dhudhuroa,Pama-Nyungan
Dura,Sino-Tibetan
East Yugur,Mongolic
Franc-Comtois,Indo-European
French Sign Language,French Sign Languages
Futuna-Aniwa,Austronesian
Gallurese,Indo-European
Hanga Hundi,Sepik
Hän,Dene-Yeniseian
Inabaknon,Austronesian
Itene,Chapacuran
Karipúna Creole French,creole or pidgin
Knaanic,Indo-European
Kulon-Pazeh,Austronesian
Kurukh,Dravidian
Kwaza,unclassified
Lampung Api,Austronesian
Mangarevan,Austronesian
Middle Assamese,Indo-European
Middle Mongolian,Mongolic
Motu,Austronesian
Palu'e,Austronesian
Proto-Otomian,Oto-Manguean
Proto-Samoyedic,Uralic
Proto-Shughni-Roshani,Indo-European
Proto-Ta-Arawak,Arawakan
Saramaccan,creole or pidgin
Sassarese,Indo-European
Sheshi Kham,Sino-Tibetan
Simbari,Trans-New Guinea
Sogdian,Indo-European
Southeast Pashayi,Indo-European
Sãotomense,creole or pidgin
Tanimuca-Retuarã,Tucanoan
Tocantins Asurini,Tupian
Uspanteco,Mayan
Western Arrernte,Pama-Nyungan
Xavante,Macro-Jê
Yawuru,Nyulnyulan
Yupiltepeque,Xincan
Zangskari,Sino-Tibetan
Akhvakh,North Caucasian
Aneme Wake,Trans-New Guinea
Baenan,unclassified
Buol,Austronesian
Caranqui,Barbacoan
Central Dusun,Austronesian
Central Malay,Austronesian
Central Tagbanwa,Austronesian
Dieri,Pama-Nyungan
Eblaite,Afroasiatic
Guianese Creole,creole or pidgin
Horpa,Sino-Tibetan
Hutterisch,Indo-European
Jaqaru,Aymaran
Judeo-Italian,Indo-European
Karamojong,Nilo-Saharan
Kembra,Pauwasi
Kermanic,Indo-European
Khotanese,Indo-European
Kichwa,Quechuan
Kumak,Austronesian
Kunjen,Pama-Nyungan
Kutenai,isolate
Lahu,Sino-Tibetan
Lawi,Austroasiatic
Lovono,Austronesian
Mamanwa,Austronesian
Mende,Niger-Congo
Meru,Niger-Congo
Muna,Austronesian
Mundurukú,Tupian
Oneida,Iroquoian
Pará Arára,Cariban
Principense,creole or pidgin
Proto-Oto-Manguean,Oto-Manguean
Proto-Shughni-Yazghulami,Indo-European
Proto-Siouan,Siouan-Catawban
Rawa,Trans-New Guinea
Rejang,Austronesian
Romblomanon,Austronesian
Sabah Bisaya,Austronesian
Shoshone,Uto-Aztecan
Sinicahua Mixtec,Oto-Manguean
Siraya,Austronesian
Tabasco Chontal,Mayan
Taushiro,unclassified
Toraja-Sa'dan,Austronesian
Tsimshian,Tsimshianic
Ventureño,Chumashan
Wageman,Arnhem
Yankunytjatjara,Pama-Nyungan
Zipser German,Indo-European
Aasax,Afroasiatic
Angor,Papuan
Argobba,Afroasiatic
Bilaspuri,Indo-European
Cayuga,Iroquoian
Chiricahua,Dene-Yeniseian
Coastal Kadazan,Austronesian
Dhangu,Pama-Nyungan
Fordata,Austronesian
Huaorani,isolate
Karitiâna,Tupian
Kassonke,Niger-Congo
Leti (Indonesia),Austronesian
Malinaltepec Tlapanec,Oto-Manguean
Nafaanra,Niger-Congo
Niuatoputapu,Austronesian
Pamona,Austronesian
Proto-Sogdic,Indo-European
Proto-South Sulawesi,Austronesian
Simeulue,Austronesian
Susu,Niger-Congo
Tae',Austronesian
Tasmanian,unclassified
Traveller Norwegian,Indo-European
Ubykh,North Caucasian
Ughele,Austronesian
Western Yugur,Turkic
Yale,Papuan
Yemeni Arabic,Afroasiatic
Yevanic,Indo-European
Yine,Arawakan
Achuar,Jivaroan
Ahirani,Indo-European
Amahuaca,Pano-Tacanan
Amarizana,Arawakan
Anal,Sino-Tibetan
Ansus,Austronesian
Bagheli,Indo-European
Beja,Afroasiatic
Brokskat,Indo-European
Bu-Nao Bunu,Hmong-Mien
Charrua,Charruan
Dairi Batak,Austronesian
Elamite,isolate
Esmeralda,unclassified
Fakkanci,Niger-Congo
Fon,Niger-Congo
Fuyug,Trans-New Guinea
Gayo,Austronesian
Guanche,Afroasiatic
Hidatsa,Siouan-Catawban
Hupdë,Nadahup
Ida'an,Austronesian
Jeru,Great Andamanese
Juǀ'hoan,Kx'a
Kamayurá,Tupian
Kelabit,Austronesian
Kinaray-a,Austronesian
Kotava,constructed
Krymchak,Turkic
Lenakel,Austronesian
Lisu,Sino-Tibetan
Lusitanian,Indo-European
Mambae,Austronesian
Mato Grosso Arára,unclassified
Mentawai,Austronesian
Middle Kannada,Dravidian
Muduapa,Austronesian
North Wahgi,Trans-New Guinea
Northern Oaxaca Nahuatl,Uto-Aztecan
Northern Valley Yokuts,Yok-Utian
Obokuitai,Lakes Plain
Proto-Ugric,Uralic
Sangir,Austronesian
Siberian Tatar,Turkic
Sierra Negra Nahuatl,Uto-Aztecan
Southern Haida,isolate
Tambunan Dusun,Austronesian
Tepeuxila Cuicatec,Oto-Manguean
Tonkawa,isolate
Tz'utujil,Mayan
Urubú-Kaapor,Tupian
Volga German,Indo-European
Wancho,Sino-Tibetan
Wari',Chapacuran
Winnebago,Siouan-Catawban
Xibe,Tungusic
Yidiny,Pama-Nyungan
Aghu Tharrnggala,Pama-Nyungan
Akkala Sami,Uralic
Amasi,Niger-Congo
Ambai,Austronesian
Angaataha,Trans-New Guinea
Apurinã,Arawakan
Arammba,Trans-New Guinea
Barasana,Tucanoan
Baruya,Trans-New Guinea
Betoi,isolate
Biak,Austronesian
Blin,Afroasiatic
Bughotu,Austronesian
Bwatoo,Austronesian
Cemuhî,Austronesian
Chilcotin,Dene-Yeniseian
Choapan Zapotec,Oto-Manguean
Chuj,Mayan
Cocopa,Yuman-Cochimí
Cypriot Arabic,Afroasiatic
Deccani,Indo-European
Dení,Arauan
Dibiyaso,Trans-New Guinea
Drung,Sino-Tibetan
Eastern Tamang,Sino-Tibetan
Estado de México Otomi,Oto-Manguean
Gurjar Apabhramsa,Indo-European
Havasupai-Walapai-Yavapai,Yuman-Cochimí
Iatmul,Sepik
Ibibio,Niger-Congo
Jehai,Austroasiatic
Kanoé,isolate
Kansa,Siouan-Catawban
Kawésqar,Alacalufan
Kaxuyana,Cariban
Kiliwa,Yuman-Cochimí
Komodo,Austronesian
Kullu Pahari,Indo-European
Lorrain,Indo-European
Mag-Anchi Ayta,Austronesian
Maléku Jaíka,Macro-Chibchan
Manado Malay,unclassified
Manam,Austronesian
Mato,Austronesian
Midob,Nilo-Saharan
Mongondow,Austronesian
Movima,isolate
Nalik,Austronesian
Naxi,Sino-Tibetan
Ndonga,Niger-Congo
North Marquesan,Austronesian
Nubi,creole or pidgin
Old Bengali,Indo-European
Old Catalan,Indo-European
Old Mon,Austroasiatic
Old Ossetic,Indo-European
Omani Arabic,Afroasiatic
Palawan Batak,Austronesian
Penrhyn,Austronesian
Pileni,Austronesian
Proto-Lezghian,North Caucasian
Proto-Mordvinic,Uralic
Proto-Nubian,Nilo-Saharan
Proto-Nuclear Polynesian,Austronesian
Puluwat,Austronesian
Qatabanian,Afroasiatic
Rincón Zapotec,Oto-Manguean
Sabu,Austronesian
Shaozhou Tuhua,Sino-Tibetan
Shelta,creole or pidgin
Sika,Austronesian
Suruí,Tupian
Swedish Sign Language,sign language
To'abaita,Austronesian
Tsafiki,Barbacoan
Warekena,Arawakan
Wintu,Wintuan
Xingú Asuriní,Tupian
Yurumanguí,unclassified
Abui,Timor-Alor-Pantar
Abung,Austronesian
Ahtna,Dene-Yeniseian
Alak,Austroasiatic
Aloápam Zapotec,Oto-Manguean
Alungul,Pama-Nyungan
Banoni,Austronesian
Bende,Niger-Congo
Bilba,Austronesian
Bima,Austronesian
Bonggi,Austronesian
Central Bai,Sino-Tibetan
Chaap Wuurong,Pama-Nyungan
Chulym,Turkic
Classical Mandaic,Afroasiatic
Classical Quechua,Quechuan
Djambarrpuyngu,Pama-Nyungan
Dumi,Sino-Tibetan
Eshtehardi,Indo-European
Folopa,Papuan
Gilaki,Indo-European
Goemai,Afroasiatic
Golin,Trans-New Guinea
Grass Koiari,Trans-New Guinea
Hixkaryana,Cariban
Hupa,Dene-Yeniseian
Ili Turki,Turkic
Indonesian Bajau,Austronesian
Kaiwá,Tupian
Kanamari,Harákmbut-Katukinan
Karok,isolate
Kassite,unclassified
Kombio,Torricelli
Kono (Sierra Leone),Niger-Congo
Korean Sign Language,Japanese Sign Languages
Kuku-Thaypan,Pama-Nyungan
Kwak'wala,Wakashan
Limilngan,unclassified
Mayoyao Ifugao,Austronesian
Menya,Trans-New Guinea
Montagnais,Algic
Mundari,Austroasiatic
Muzo,unclassified
Navarro-Aragonese,Indo-European
Nde-Nsele-Nta,Niger-Congo
Ngaanyatjarra,Pama-Nyungan
Ngadjuri,Pama-Nyungan
Nimadi,Indo-European
North Mesopotamian Arabic,Afroasiatic
North Muyu,Trans-New Guinea
Old Leonese,Indo-European
Ongota,unclassified
Otomaco,Otomacoan
Pangwali,Indo-European
Pecheneg,Turkic
Poitevin-Saintongeais,Indo-European
Proto-Indo-Aryan,Indo-European
Proto-Northeast Caucasian,North Caucasian
Proto-Oto-Pamean,Oto-Manguean
Proto-Saka-Wakhi,Indo-European
Pykobjê,Macro-Jê
Quinault,Salishan
Raga,Austronesian
Safaitic,Afroasiatic
Serer,Niger-Congo
Shughni,Indo-European
Southern Valley Yokuts,Yok-Utian
Sui,Kra-Dai
Tadyawan,Austronesian
Tarok,Niger-Congo
Tikopia,Austronesian
Toba,Mataco-Guaicuru
Tsakhur,North Caucasian
Tuwali Ifugao,Austronesian
Unserdeutsch,creole or pidgin
Ura (Vanuatu),Austronesian
Urartian,Hurro-Urartian
Varli,Indo-European
Waskia,Trans-New Guinea
Wawa,Niger-Congo
Xerénte,Macro-Jê
Yamdena,Austronesian
Yanyuwa,Pama-Nyungan
Yombe,Niger-Congo
Zenaga,Afroasiatic
Abanyom,Niger-Congo
Abenlen Ayta,Austronesian
Abipon,Mataco-Guaicuru
Abron,Niger-Congo
Abu' Arapesh,Torricelli
Achagua,Arawakan
Adzera,Austronesian
Aisi,Trans-New Guinea
Akawaio,Cariban
Akoye,Trans-New Guinea
Alagwa,Afroasiatic
Alune,Austronesian
Alyawarr,Pama-Nyungan
Amahai,Austronesian
Amaimon,Trans-New Guinea
Amele,Trans-New Guinea
Andio,Austronesian
Angika,Indo-European
Arikem,Tupian
Arosi,Austronesian
Asilulu,Austronesian
Atakapa,isolate
Aynu,Turkic
Baagandji,Pama-Nyungan
Baharna Arabic,Afroasiatic
Bamu,Kiwaian
Banggai,Austronesian
Bardi,Nyulnyulan
Bargam,Trans-New Guinea
Baruga,Trans-New Guinea
Basay,Austronesian
Batad Ifugao,Austronesian
Bay Miwok,Yok-Utian
Baybayanon,Austronesian
Black Speech,constructed
Bonggo,Austronesian
Botolan Sambal,Austronesian
Buli (Indonesia),Austronesian
Bura Mabang,Nilo-Saharan
Burarra,Arnhem
Caac,Austronesian
Cavere,Arawakan
Cavineña,Pano-Tacanan
Central Pomo,Hokan
Central Siberian Yupik,Eskimo-Aleut
Chamacoco,Zamucoan
Chapacura,Chapacuran
Chittagonian,Indo-European
Chocangaca,Sino-Tibetan
Chru,Austronesian
Chut,Austroasiatic
Cumbric,Indo-European
Dahalo,Afroasiatic
Digo,Niger-Congo
Dime,Afroasiatic
Duun,Niger-Congo
Dâw,Nadahup
Eastern Bontoc,Austronesian
Eastern Bru,Austroasiatic
Eastern Mnong,Austroasiatic
Edomite,Afroasiatic
Efik,Niger-Congo
Ega,Niger-Congo
Erromintxela,mixed
Ewondo,Niger-Congo
Gagadu,Arnhem
Gaikundi,Sepik
Gela,Austronesian
Girawa,Trans-New Guinea
Gurindji,Pama-Nyungan
Hamtai,Trans-New Guinea
Herero,Niger-Congo
Hungarian Sign Language,sign language
Hurrian,Hurro-Urartian
Iau,Lakes Plain
Imonda,Border
Iraqw,Afroasiatic
Japhug,Sino-Tibetan
Jicarilla,Dene-Yeniseian
Kadaru,Nilo-Saharan
Kadiwéu,Mataco-Guaicuru
Kairiru,Austronesian
Kala Lagaw Ya,Pama-Nyungan
Kathlamet,Chinookan
Kerinci,Austronesian
Khamnigan Mongol,Mongolic
Kings River Yokuts,Yok-Utian
Kirikiri,Lakes Plain
Kou,Trans-New Guinea
Koyukon,Dene-Yeniseian
Kui (India),Dravidian
Kurtjar,Pama-Nyungan
Kusunda,isolate
Kuvi,Dravidian
Lai,Sino-Tibetan
Lamba,Niger-Congo
Luiseño,Uto-Aztecan
Lule,unclassified
Makhuwa,Niger-Congo
Malalí,unclassified
Mandan,Siouan-Catawban
Mangghuer,Mongolic
Maranungku,Daly
Marrucinian,Indo-European
Mator,Uralic
Messapic,Indo-European
Mochica,unclassified
Moma,Austronesian
Mon ,Austroasiatic
Mountain Koiari,Trans-New Guinea
Mussau-Emira,Austronesian
Muyuw,Austronesian
Mwotlap,Austronesian
Nandi,Nilo-Saharan
Narragansett,Algic
Ndzwani Comorian,Niger-Congo
Nengone,Austronesian
Nheengatu,Tupian
Nkem-Nkum,Niger-Congo
Northern Roglai,Austronesian
Nukuoro,Austronesian
Nupe,Niger-Congo
Nyakyusa,Niger-Congo
Nyamwezi,Niger-Congo
Nyâlayu,Austronesian
Ontong Java,Austronesian
Orejón,Tucanoan
Ozumacín Chinantec,Oto-Manguean
Palikur,Arawakan
Parya,Indo-European
Pericú,unclassified
Proto-Afroasiatic,Afroasiatic
Proto-Halmahera-Cenderawasih,Austronesian
Proto-Karen,Sino-Tibetan
Proto-Yeniseian,Dene-Yeniseian
Quileute,Chimakuan
Rembong,Austronesian
Rennellese,Austronesian
Réunion Creole French,creole or pidgin
Santa María La Alta Nahuatl,Uto-Aztecan
Sauraseni Apabhramsa,Indo-European
Savosavo,Papuan
Sechura,unclassified
Sindarin,constructed
Soqotri,Afroasiatic
Southern East Cree,Algic
Sumbawa,Austronesian
Tapachultec,Mixe-Zoquean
Taparita,Otomacoan
Tapirapé,Tupian
Tariana,Arawakan
Tarpia,Austronesian
Timote,unclassified
Tindi,North Caucasian
Tulu-Bohuai,Austronesian
Tuscarora,Iroquoian
Ubir,Austronesian
Unua,Austronesian
Upper Kuskokwim,Dene-Yeniseian
Uyajitaya,Trans-New Guinea
Venetic,Indo-European
Volscian,Indo-European
Waiwai,Cariban
Wandamen,Austronesian
Wayampi,Tupian
Wemba-Wemba,Pama-Nyungan
Weri,Papuan
Western Durango Nahuatl,Uto-Aztecan
Western Keres,Keresan
Western Maninkakan,Niger-Congo
Wusa Nasu,Sino-Tibetan
Wuvulu-Aua,Austronesian
Yagaria,Trans-New Guinea
Yao (South America),Cariban
Yimas,Lower Sepik
Yug,Dene-Yeniseian
Yuki,unclassified
Zuojiang Zhuang,Kra-Dai
Acheron,Niger-Congo
Aguacateca,Mayan
Aka-Bo,Great Andamanese
Alaba,Afroasiatic
Alekano,Trans-New Guinea
Alladian,Niger-Congo
Ambala Ayta,Austronesian
Amganad Ifugao,Austronesian
Amondawa,Tupian
Amurdag,Iwaidjan
Anaang,Niger-Congo
Anakalangu,Austronesian
Angami,Sino-Tibetan
Angkula,Pama-Nyungan
Anuki,Austronesian
Anus,Austronesian
Apiaká,Tupian
Araki,Austronesian
Arifama-Miniafia,Austronesian
Arta,Austronesian
Ashéninka Perené,Arawakan
Atsahuaca,Pano-Tacanan
Atsugewi,Palaihnihan
Attié,Niger-Congo
Au,Torricelli
Auhelawa,Austronesian
Awa-Cuaiquer,Barbacoan
Awar,Papuan
Awetí,Tupian
Awtuw,Sepik
Ayere,Niger-Congo
Babine-Witsuwit'en,Dene-Yeniseian
Babuza,Austronesian
Bagvalal,North Caucasian
Baldemu,Afroasiatic
Bantawa,Sino-Tibetan
Bantayanon,Austronesian
Baram Kayan,Austronesian
Bari,Nilo-Saharan
Batu,Niger-Congo
Bau,Trans-New Guinea
Bauro,Austronesian
Belait,Austronesian
Bepour,Trans-New Guinea
Biloxi,Siouan-Catawban
Birgid,Nilo-Saharan
Bourbonnais-Berrichon,Indo-European
Brunei Bisaya,Austronesian
Bukhari,Indo-European
Bulu (Cameroon),Niger-Congo
Bunama,Austronesian
Burgundian,Indo-European
Bwanabwana,Austronesian
Calamian Tagbanwa,Austronesian
Camarines Norte Agta,Austronesian
Central Nicobarese,Austroasiatic
Chamalal,North Caucasian
Chepang,Sino-Tibetan
Chilean Sign Language,sign language
Chiquimulilla,Xincan
Chitimacha,isolate
Churuya,Guahiban
Coastal Konjo,Austronesian
Cogui,Macro-Chibchan
Copallén,unclassified
Coroado Puri,Macro-Jê
Cosoleacaque Nahuatl,Uto-Aztecan
Cuban Sign Language,sign language
Daba,Afroasiatic
Dadibi,Trans-New Guinea
Deg Xinag,Dene-Yeniseian
Desano,Tucanoan
Dobu,Austronesian
Dukhan,Turkic
Dyaabugay,Pama-Nyungan
Dyirbal,Pama-Nyungan
Ejagham,Niger-Congo
Embaloh,Austronesian
Esan,Niger-Congo
Etulo,Niger-Congo
Fang (Bantu),Niger-Congo
Gafat,Afroasiatic
Gedaged,Austronesian
Gobasi,Trans-New Guinea
Gros Ventre,Algic
Guanano,Tucanoan
Guhu-Samane,Trans-New Guinea
Gusii,Niger-Congo
Guwar,Pama-Nyungan
Harsusi,Afroasiatic
Haruai,Trans-New Guinea
Haryanvi,Indo-European
Hassaniya,Afroasiatic
Hdi,Afroasiatic
Hone,Niger-Congo
Hunnic,unclassified
Igala,Niger-Congo
Ikaranggal,Pama-Nyungan
Ilongot,Austronesian
Ineseño,Chumashan
Iraya,Austronesian
Iriga Bicolano,Austronesian
Isinai,Austronesian
Itzá,Mayan
Iwam,Sepik
Izon,Niger-Congo
Jabutí,Macro-Jê
Jassic,Indo-European
Jingulu,Mirndi
Kabiyé,Niger-Congo
Kadugli,Kadu
Kalenjin,Nilo-Saharan
Kamarupi Prakrit,Indo-European
Kangri,Indo-European
Kap,Austronesian
Kashaya,Hokan
Kaskihá,Mascoian
Kato,Dene-Yeniseian
Kaytetye,Pama-Nyungan
Kedang,Austronesian
Kein,Trans-New Guinea
Khalaj,Turkic
Kham,Sino-Tibetan
Khmu,Austroasiatic
Kinikinao,Arawakan
Kirike,Niger-Congo
Kituba,creole or pidgin
Koitabu,Trans-New Guinea
Kokota,Austronesian
Kolom,Trans-New Guinea
Korak,Trans-New Guinea
Kove,Austronesian
Koyra Chiini,Nilo-Saharan
Kua-nsi,Sino-Tibetan
Kuamasi,Sino-Tibetan
Kumarbhag Paharia,Dravidian
Kw'adza,Afroasiatic
Kwaio,Austronesian
Kwerba,Tor-Kwerba
Kómnzo,Yam
Lama Bai,Sino-Tibetan
Lamaholot,Austronesian
Lhao Vo,Sino-Tibetan
Lou,Austronesian
Lunda,Niger-Congo
Lusi,Austronesian
Ma'anyan,Austronesian
Maasai,Nilo-Saharan
Maay,Afroasiatic
Macushi,Cariban
Mada (Nigeria),Niger-Congo
Mag-Indi Ayta,Austronesian
Malasanga,Austronesian
Mandobo Atas,Trans-New Guinea
Mara Chin,Sino-Tibetan
Margi,Afroasiatic
Marsian,Indo-European
Marti Ke,Daly
Masakará,Macro-Jê
Mbugu,mixed
Mbyá Guaraní,Tupian
Mfumte,Niger-Congo
Middle Gujarati,Indo-European
Mixed Great Andamanese,Great Andamanese
Mmani,Niger-Congo
Mo,Austronesian
Mobilian,creole or pidgin
Mojave,Yuman-Cochimí
Moloko,Afroasiatic
Moro,Niger-Congo
Moronene,Austronesian
Mubami,Trans-New Guinea
Muher,Afroasiatic
Munggui,Austronesian
Mwali Comorian,Niger-Congo
Naga Pidgin,creole or pidgin
Nakanai,Austronesian
Nasioi,South Bougainville
Nauna,Austronesian
Nawaru,Trans-New Guinea
Negerhollands,creole or pidgin
Nehan,Austronesian
Nen,Yam
Neverver,Austronesian
Ngiemboon,Niger-Congo
Northeast Kiwai,Kiwaian
Northern Kankanay,Austronesian
Northern Tujia,Sino-Tibetan
Nottoway,Iroquoian
Ocaina,Huitoto-Ocaina
Old Breton,Indo-European
Padoe,Austronesian
Paeonian,Indo-European
Paite,Sino-Tibetan
Pamosu,Trans-New Guinea
Pamplona Atta,Austronesian
Panare,Cariban
Panará,Macro-Jê
Panim,Trans-New Guinea
Panzaleo,unclassified
Papapana,Austronesian
Parauk,Austroasiatic
Pare,Niger-Congo
Pareci,Arawakan
Patpatar,Austronesian
Piaroa,unclassified
Pima Bajo,Uto-Aztecan
Podoko,Afroasiatic
Proto-Eastern Polynesian,Austronesian
Proto-North Sarawak,Austronesian
Proto-Northern Jê,Macro-Jê
Proto-Pama-Nyungan,Pama-Nyungan
Q'anjob'al,Mayan
Querétaro Otomi,Oto-Manguean
Quitemo,Chapacuran
Rabona,unclassified
Ramoaaina,Austronesian
Remontado Agta,Austronesian
Rendille,Afroasiatic
Repanbitip,Austronesian
Reyesano,Pano-Tacanan
Samo,Trans-New Guinea
Sanaviron,unclassified
Sangil,Austronesian
Saniyo-Hiyewe,Sepik
Sapará,Cariban
Sarikoli,Indo-European
Sedang,Austroasiatic
Sehwi,Niger-Congo
Selk'nam,Chonan
Sepa (New Guinea),Austronesian
Serui-Laut,Austronesian
Shawnee,Algic
Sinaugoro,Austronesian
Sipakapense,Mayan
Siroi,Trans-New Guinea
Skou,Sko
Sonaga,Sino-Tibetan
South Picene,Indo-European
Southern Bai,Sino-Tibetan
Southern Catanduanes Bicolano,Austronesian
Southern Kissi,Niger-Congo
Southern Pumi,Sino-Tibetan
Southern Sama,Austronesian
Sudanese Arabic,Afroasiatic
Tabasco Nahuatl,Uto-Aztecan
Taimyr Pidgin Russian,creole or pidgin
Tainae,Trans-New Guinea
Takuu,Austronesian
Tause,Lakes Plain
Tawala,Austronesian
Teiwa,Trans-New Guinea
Tewa,Kiowa-Tanoan
Timucua,isolate
Tipai,Yuman-Cochimí
Tiri,Austronesian
Tomini,Austronesian
Tontemboan,Austronesian
Totoli,Austronesian
Tshobdun,Sino-Tibetan
Tsimané,isolate
Tucano,Tucanoan
Ujir,Austronesian
Ukuriguma,Trans-New Guinea
Umotína,Macro-Jê
Urat,Torricelli
Urhobo,Niger-Congo
Wagi,Trans-New Guinea
Waigali,Indo-European
Wanham,Chapacuran
Wanukaka,Austronesian
Wardaman,Yangmanic
Waropen,Austronesian
West Damar,Austronesian
Western Sisaala,Niger-Congo
Wichita,Caddoan
Wiwa,Macro-Chibchan
Wyandot,Iroquoian
Yareba,Trans-New Guinea
Yaroamë,Yanomami
Yazghulami,Indo-European
Yemsa,Afroasiatic
Yendang,Niger-Congo
Yimchungru Naga,Sino-Tibetan
Yolmo,Sino-Tibetan
Zaiwa,Sino-Tibetan
Zayse-Zergulla,Afroasiatic
Zhang-Zhung,Sino-Tibetan
Aba,Austronesian
Abon,Niger-Congo
Abure,Niger-Congo
Acatepec Me'phaa,Oto-Manguean
Achang,Sino-Tibetan
Achumawi,Palaihnihan
Adai,unclassified
Adi,Sino-Tibetan
Aequian,Indo-European
Afitti,Nilo-Saharan
Agarabi,Trans-New Guinea
Aghem,Niger-Congo
Agi,Torricelli
Agusan Manobo,Austronesian
Aikanã,isolate
Aimele,Trans-New Guinea
Aka-Cari,Great Andamanese
Aka-Kede,Great Andamanese
Akha,Sino-Tibetan
Akolet,Austronesian
Akuwagel,Torricelli
Alamblak,Papuan
Alsea,unclassified
Alu,Austronesian
Amal,Iwam
Amatlán Zapotec,Oto-Manguean
Ambulas,Sepik
Anauyá,Arawakan
Aneityum,Austronesian
Angevin,Indo-European
Angkamuthi,Pama-Nyungan
Angkola Batak,Austronesian
Angolar,creole or pidgin
Anindilyakwa,Arnhem
Anmatyerre,Pama-Nyungan
Anong,Sino-Tibetan
Antigua and Barbuda Creole English,creole or pidgin
Anufo,Niger-Congo
Ao,Sino-Tibetan
Apali,Trans-New Guinea
Araona,Pano-Tacanan
Arbore,Afroasiatic
Ari,Papuan Gulf
Aribwaung,Austronesian
Aruop,Torricelli
As,Austronesian
Asaro'o,Trans-New Guinea
Asu,Niger-Congo
Asumboa,Austronesian
Ata Manobo,Austronesian
Atanques,Macro-Chibchan
Avava,Austronesian
Avikam,Niger-Congo
Avokaya,Nilo-Saharan
Ayabadhu,Pama-Nyungan
Ayomán,Jirajaran
Ayoreo,Zamucoan
Baba Malay,creole or pidgin
Babanki,Niger-Congo
Babatana,Austronesian
Babole,Niger-Congo
Badui,Austronesian
Bagusa,Tor-Kwerba
Baiso,Afroasiatic
Baka,Niger-Congo
Balaesang,Austronesian
Balanta-Ganja,Niger-Congo
Banam Bay,Austronesian
Banda,Austronesian
Bankon,Niger-Congo
Bantik,Austronesian
Barai,Trans-New Guinea
Bariji,Trans-New Guinea
Baré,Arawakan
Batui,Austronesian
Batuley,Austronesian
Bellari,Dravidian
Beothuk,unclassified
Berom,Niger-Congo
Besisi,Austroasiatic
Biem,Austronesian
Big Nambas,Austronesian
Bih,Austronesian
Bihari,Indo-European
Bilakura,Trans-New Guinea
Bilbil,Austronesian
Biliau,Austronesian
Bilua,Trans-New Guinea
Bilur,Austronesian
Bogaya,Trans-New Guinea
Boghom,Afroasiatic
Bole,Afroasiatic
Bonan,Mongolic
Bondei,Niger-Congo
Botlikh,North Caucasian
Brem,Trans-New Guinea
Bu,Niger-Congo
Bube,Niger-Congo
Budibud,Austronesian
Buena Vista Yokuts,Yok-Utian
Bugan,Austroasiatic
Buhutu,Austronesian
Bukat,Austronesian
Bukawa,Austronesian
Buli (Ghana),Niger-Congo
Bulu (New Guinea),Austronesian
Burun,Nilo-Saharan
Burusu,Austronesian
Busa,Niger-Congo
Bwaidoka,Austronesian
Cacán,unclassified
Cajonos Zapotec,Oto-Manguean
Caka,Niger-Congo
Calusa,unclassified
Camsá,isolate
Carabayo,Ticuna-Yuri
Carapana,Tucanoan
Carijona,Cariban
Catacao,Catacaoan
Catuquinaru,unclassified
Celtiberian,Indo-European
Chairel,Sino-Tibetan
Chamba Daka,Niger-Congo
Chamling,Sino-Tibetan
Chayahuita,Cahuapanan
Cheke Holo,Austronesian
Chewong,Austroasiatic
Chhattisgarhi,Indo-European
Chimwiini,Niger-Congo
Chirino,unclassified
Chiwere,Siouan-Catawban
Chrau,Austroasiatic
Chuanqiandian Cluster Miao,Hmong-Mien
Chuave,Trans-New Guinea
Classical Mongolian,Mongolic
Cocama,Tupian
Coeur d'Alene,Salishan
Cofán,isolate
Colán,Catacaoan
Comechingon,unclassified
Coos,Coosan
Culli,unclassified
Cuvok,Afroasiatic
Daasanach,Afroasiatic
Dadanitic,Afroasiatic
Dan,Niger-Congo
Danaru,Trans-New Guinea
Datooga,Nilo-Saharan
Dawawa,Austronesian
Degema,Niger-Congo
Denya,Niger-Congo
Diodio,Austronesian
Dongolawi,Nilo-Saharan
Dori'o,Austronesian
Dorig,Austronesian
Dorze,Afroasiatic
Doutai,Lakes Plain
Duau,Austronesian
Dusner,Austronesian
Duvle,Lakes Plain
Duwet,Austronesian
East Makian,Austronesian
Eastern Katu,Austroasiatic
Eastern Pomo,Hokan
Ebughu,Niger-Congo
Edopi,Lakes Plain
Efai,Niger-Congo
Ekit,Niger-Congo
Elkei,Torricelli
Emerillon,Tupian
Enga,Engan
Enggano,Austronesian
Enwang,Niger-Congo
Epie,Niger-Congo
Epigraphic Mayan,Mayan
Eritai,Lakes Plain
Ersu,Sino-Tibetan
Ese Ejja,Pano-Tacanan
Esimbi,Niger-Congo
Fasu,Papuan Gulf
Foi,Papuan Gulf
Forak,Trans-New Guinea
Fur,Nilo-Saharan
Ga'anda,Afroasiatic
Gabadi,Austronesian
Gabi,Pama-Nyungan
Gadsup,Trans-New Guinea
Gamo,Afroasiatic
Gavak,Trans-New Guinea
Gavião do Jiparaná,Tupian
Gbagyi,Niger-Congo
Gbari,Niger-Congo
Geser-Gorom,Austronesian
Ghari,Austronesian
Ghayavi,Austronesian
Gidar,Afroasiatic
Glavda,Afroasiatic
Gonja,Niger-Congo
Guazacapán,Xincan
Gumatj,Pama-Nyungan
Gurani,Indo-European
Gweno,Niger-Congo
Güenoa,Charruan
Haitian Vodoun Culture Language,creole or pidgin
Hakö,Austronesian
Halia,Austronesian
Hazaragi,Indo-European
Hismaic,Afroasiatic
Hiw,Austronesian
Hmwaveke,Austronesian
Hoava,Austronesian
Hobyót,Afroasiatic
Hote,Austronesian
Huehuetla Tepehua,Totonacan
Hulaulá,Afroasiatic
Huli,Engan
Iamalele,Austronesian
Iberian,isolate
Ibino,Niger-Congo
Ibuoro,Niger-Congo
Iceve-Maci,Niger-Congo
Ignaciano,Arawakan
Ik,Nilo-Saharan
Ilue,Niger-Congo
Inebu One,Torricelli
Inga,Quechuan
Inoke-Yate,Trans-New Guinea
Inuvialuktun,Eskimo-Aleut
Irarutu,Austronesian
Itu Mbon Uzo,Niger-Congo
Izere,Niger-Congo
Jaminjung,Mirndi
Jebero,Cahuapanan
Jiamao,unclassified
Jola-Fonyi,Niger-Congo
Juba Arabic,creole or pidgin
Jumjum,Nilo-Saharan
Kachama-Ganjule,Afroasiatic
Kaiep,Austronesian
Kakabai,Austronesian
Kakanda,Niger-Congo
Kala,Austronesian
Kalkatungu,Pama-Nyungan
Kamakan,Macro-Jê
Kamano,Trans-New Guinea
Kamasa,Trans-New Guinea
Kamasau,Torricelli
Kamula,Trans-New Guinea
Kaninuwa,Austronesian
Kanufi,Niger-Congo
Kaonde,Niger-Congo
Kara (New Guinea),Austronesian
Karata,North Caucasian
Karawa,Sepik
Karnai,Austronesian
Kasem,Niger-Congo
Kaska,Dene-Yeniseian
Kasua,Trans-New Guinea
Kawaiisu,Uto-Aztecan
Kawishana,Arawakan
Kayardild,Tangkic
Kazukuru,Austronesian
Keapara,Austronesian
Kendayan,Austronesian
Kesawai,Trans-New Guinea
Kewa,Engan
Khazar,Turkic
Khwe,Khoe-Kwadi
Kilit,Indo-European
Kilmeri,Border
Kimbundu,Niger-Congo
Kinnauri,Sino-Tibetan
Kis,Austronesian
Kistane,Afroasiatic
Kobon,Trans-New Guinea
Kok-Nar,Pama-Nyungan
Kok-Paponk,Pama-Nyungan
Kokoda,Trans-New Guinea
Komering,Austronesian
Korlai Creole Portuguese,creole or pidgin
Koshin,Niger-Congo
Kowiai,Austronesian
Krahô,Macro-Jê
Kresh,Nilo-Saharan
Kubo,Trans-New Guinea
Kuikúro,Cariban
Kuku-Yalanji,Pama-Nyungan
Kuman,Trans-New Guinea
Kurnai,Pama-Nyungan
Kurudu,Austronesian
Kustenau,Arawakan
Kwalhioqua-Tlatskanai,Dene-Yeniseian
Kwangali,Niger-Congo
Kwini,Worrorran
Kwoma,Sepik
Label,Austronesian
Lakkia,Kra-Dai
Lala (New Guinea),Austronesian
Lambadi,Indo-European
Lamma,Trans-New Guinea
Lari,Indo-European
Larike-Wakasihu,Austronesian
Lau,Austronesian
Laurentian,Iroquoian
Lawangan,Austronesian
Lendu,Nilo-Saharan
Lengo,Austronesian
Li'o,Austronesian
Lipo,Sino-Tibetan
Lizu,Sino-Tibetan
Loniu,Austronesian
Luang,Austronesian
Luvale,Niger-Congo
Luwati,Indo-European
Ma'di,Nilo-Saharan
Macau Pidgin Portuguese,creole or pidgin
Machiguenga,Arawakan
Madngele,Daly
Makalero,Trans-New Guinea
Makasae,Trans-New Guinea
Malas,Trans-New Guinea
Mamasa,Austronesian
Mamboru,Austronesian
Mambwe-Lungu,Niger-Congo
Mampruli,Niger-Congo
Mamuju,Austronesian
Mandobo Bawah,Trans-New Guinea
Mangarayi,unclassified
Manta,Niger-Congo
Marau,Austronesian
Maridan,Daly
Maroon Spirit Language,creole or pidgin
Marrithiyel,Daly
Martu Wangka,Pama-Nyungan
Masaba,Niger-Congo
Masimasi,Austronesian
Masiwang,Austronesian
Matsés,Pano-Tacanan
Maybrat,West Papuan
Mbabaram,Pama-Nyungan
Mbariman-Gudhinma,Pama-Nyungan
Mbay,Nilo-Saharan
Mbuko,Afroasiatic
Mbula,Austronesian
Mehek,Sepik
Mele-Fila,Austronesian
Merei,Austronesian
Meta',Niger-Congo
Mian,Trans-New Guinea
Middle Median,Indo-European
Miji,Sino-Tibetan
Mikasuki,Muskogean
Millcayac,Huarpean
Mina,Afroasiatic
Mindiri,Austronesian
Minjungbal,Pama-Nyungan
Misantla Totonac,Totonacan
Misima-Paneati,Austronesian
Mitla Zapotec,Oto-Manguean
Mixifore,Niger-Congo
Mmen,Niger-Congo
Moere,Trans-New Guinea
Moikodi,Trans-New Guinea
Mondé,Tupian
Mono (California),Uto-Aztecan
Moose Cree,Algic
Mori Atas,Austronesian
Mpalitjanh,Pama-Nyungan
Mudburra,Pama-Nyungan
Muinane,Boran
Munit,Trans-New Guinea
Munji,Indo-European
Muratayak,Trans-New Guinea
Mursi,Nilo-Saharan
Muruwari,Pama-Nyungan
Musgu,Afroasiatic
Muya,Sino-Tibetan
Muyang,Afroasiatic
Mündü,Niger-Congo
Nabi,Torricelli
Nakame,Trans-New Guinea
Nali,Austronesian
Nambikwara,Nambikwaran
Namia,Sepik
Nanticoke,Algic
Ncane,Niger-Congo
Ndoe,Niger-Congo
Nekgini,Trans-New Guinea
Neko,Trans-New Guinea
Nend,Trans-New Guinea
Ngadha,Austronesian
Ngaing,Trans-New Guinea
Ngan'gityemerri,Daly
Ngas,Afroasiatic
Ngawun,Pama-Nyungan
Ngie,Niger-Congo
Ngwo,Niger-Congo
Nhanda,Pama-Nyungan
Nii,Trans-New Guinea
Nimoa,Austronesian
Ningil,Torricelli
Nisenan,Maiduan
Niuafo'ou,Austronesian
Nnam,Niger-Congo
Nomatsiguenga,Arawakan
Noon,Niger-Congo
Northeast Maidu,Maiduan
Northern Bai,Sino-Tibetan
Northern Dagara,Niger-Congo
Northern Emberá,Chocoan
Northern Haida,isolate
Northern Luri,Indo-European
Northern Saharan Berber,Afroasiatic
Northern Sierra Miwok,Yok-Utian
Nuguria,Austronesian
Numbami,Austronesian
Nungon,Papuan
Nyawaygi,Pama-Nyungan
Nyenkha,Sino-Tibetan
Nzima,Niger-Congo
Ogbronuagum,Niger-Congo
Old Lithuanian,Indo-European
Old Tati,Indo-European
Olo,Torricelli
Onobasulu,Trans-New Guinea
Ormuri,Indo-European
Oro,Niger-Congo
Owa,Austronesian
Paama,Austronesian
Pahi,Sepik
Papora,Austronesian
Papuan Malay,unclassified
Papuma,Austronesian
Paratió,unclassified
Pará Gavião,Macro-Jê
Paulohi,Austronesian
Pele-Ata,Papuan
Pemon,Cariban
Penchal,Austronesian
Pero,Afroasiatic
Petats,Austronesian
Peñoles Mixtec,Oto-Manguean
Pijao,unclassified
Pilagá,Mataco-Guaicuru
Plains Miwok,Yok-Utian
Prasuni,Indo-European
Proto-Atayalic,Austronesian
Proto-Avaro-Andian,North Caucasian
Proto-Dargwa,North Caucasian
Proto-Hmong-Mien,Hmong-Mien
Proto-Korean,Koreanic
Proto-Lampungic,Austronesian
Proto-Ossetic,Indo-European
Qimant,Afroasiatic
Quebec Sign Language,sign language
Rama,Macro-Chibchan
Rapa,Austronesian
Rasawa,Lakes Plain
Red Gelao,Kra-Dai
Reel,Nilo-Saharan
Rikbaktsa,Macro-Jê
Ronga,Niger-Congo
Roro,Austronesian
Sa,Austronesian
Sa'a,Austronesian
Sabah Malay,creole or pidgin
Safeyoka,Trans-New Guinea
Saliba (Colombia),unclassified
Salinan,unclassified
Saluan,Austronesian
San Jerónimo Tecóatl Mazatec,Oto-Manguean
San Pablo Güilá Zapotec,Oto-Manguean
Sapé,unclassified
Sawai,Austronesian
Sawi,Trans-New Guinea
Seimat,Austronesian
Sekani,Dene-Yeniseian
Selaru,Austronesian
Sembakung Murut,Austronesian
Semelai,Austroasiatic
Sera,Austronesian
Seta,Torricelli
Shambala,Niger-Congo
Shebayo,Arawakan
Shehri,Afroasiatic
Shilluk,Nilo-Saharan
Shixing,Sino-Tibetan
Sikaritai,Lakes Plain
Sio,Austronesian
Siriano,Tucanoan
Sissano,Austronesian
Sobei,Austronesian
Sonsorolese,Austronesian
Soo,Nilo-Saharan
Sori-Harengan,Austronesian
Southeast Ijo,Niger-Congo
Southern Kalinga,Austronesian
Southern Mashan Hmong,Hmong-Mien
Southern Muji,Sino-Tibetan
Southern Puebla Mixtec,Oto-Manguean
Southern Tujia,Sino-Tibetan
Southern Tutchone,Dene-Yeniseian
Stoney,Siouan-Catawban
Suabo,Trans-New Guinea
Suau,Austronesian
Suba-Simbiti,Niger-Congo
Sukurum,Austronesian
Sunwar,Sino-Tibetan
Sácata,unclassified
Tabo,Austroasiatic
Tagish,Dene-Yeniseian
Tairuma,Trans-New Guinea
Takia,Austronesian
Takka Apabhramsa,Indo-European
Taliabu,Austronesian
Tandaganon,Austronesian
Taraon,Sino-Tibetan
Tatana,Austronesian
Taworta,Lakes Plain
Tayo,creole or pidgin
Temoaya Otomi,Oto-Manguean
Tera,Afroasiatic
Tobelo,West Papuan
Tolomako,Austronesian
Tommo So,Niger-Congo
Tourangeau,Indo-European
Trimuris,Tor-Kwerba
Trinitario,Arawakan
Trió,Cariban
Trumai,isolate
Tshangla,Sino-Tibetan
Tuki,Niger-Congo
Tumleo,Austronesian
Tupinambá,Tupian
Turkana,Nilo-Saharan
Tyap,Niger-Congo
Uda,Niger-Congo
Ukwa,Niger-Congo
Ulau-Suain,Austronesian
Uneme,Niger-Congo
Urarina,unclassified
Uruava,Austronesian
Vanimo,Sko
Vili,Niger-Congo
Wab,Austronesian
Wala,Austronesian
Walmajarri,Pama-Nyungan
Waneci,Indo-European
Wapishana,Arawakan
Warembori,unclassified
Waris,Border
Warrgamay,Pama-Nyungan
Wasa,Niger-Congo
Waube,Trans-New Guinea
Wedau,Austronesian
West Tarangan,Austronesian
Western Cham,Austronesian
Western Tamang,Sino-Tibetan
White Gelao,Kra-Dai
Woccon,Siouan-Catawban
Wogeo,Austronesian
Wolaytta,Afroasiatic
Worora,Worrorran
Wulguru,Pama-Nyungan
Wutung,Sko
Xamtanga,Afroasiatic
Xaragure,Austronesian
Xukurú,unclassified
Yabong,Trans-New Guinea
Yakima,Plateau Penutian
Yanesha',Arawakan
Yangben,Niger-Congo
Yanomamö,Yanomami
Yareni Zapotec,Oto-Manguean
Yaweyuha,Trans-New Guinea
Yekhee,Niger-Congo
Yeyi,Niger-Congo
Yindjilandji,Pama-Nyungan
Yir-Yoront,Pama-Nyungan
Yoidik,Trans-New Guinea
Yorta Yorta,Pama-Nyungan
Yuma,Yuman-Cochimí
Yupua,Tucanoan
Zande,Niger-Congo
Zbu,Sino-Tibetan
Zigula,Niger-Congo
Zotung Chin,Sino-Tibetan
Zulgo-Gemzek,Afroasiatic
Záparo,Zaparoan
Önge,Ongan
Abai,Austronesian
Abidji,Niger-Congo
Abu,Ramu
Abua,Niger-Congo
Abun,Papuan
Abé,Niger-Congo
Achi,Mayan
Aché,Tupian
Adang,Timor-Alor-Pantar
Adioukrou,Niger-Congo
Afade,Afroasiatic
Agatu,Niger-Congo
Agawam,Algic
Agoi,Niger-Congo
Ahwai,Niger-Congo
Ainbai,Border
Aja,Nilo-Saharan
Aka (Central Africa),Niger-Congo
Aka-Kora,Great Andamanese
Akar-Bale,Great Andamanese
Akaselem,Niger-Congo
Akatek,Mayan
Ake,Niger-Congo
Akebu,Niger-Congo
Akei,Austronesian
Akoose,Niger-Congo
Akpa,Niger-Congo
Akpes,Niger-Congo
Akum,Niger-Congo
Akuntsu,Tupian
Alago,Niger-Congo
Alas-Kluet Batak,Austronesian
Alawa,Arnhem
Alazapa,unclassified
Ali,Niger-Congo
Alngith,Pama-Nyungan
Alumu-Tesu,Niger-Congo
Amara,Austronesian
Amarakaeri,Harákmbut-Katukinan
Amarasi,Austronesian
Amba,Niger-Congo
Ambakich,Ramu
Ambele,Niger-Congo
Amblong,Austronesian
Ambrak,Torricelli
Amdang,Nilo-Saharan
Ami,Daly
Amo,Niger-Congo
Amol,Torricelli
Ampari Dogon,Niger-Congo
Ana Tinga Dogon,Niger-Congo
Anam,Trans-New Guinea
Anambé,Tupian
Andaqui,unclassified
Andoa,Zaparoan
Andoque,isolate
Andoquero,Huitoto-Ocaina
Angaité,Mascoian
Angoram,Lower Sepik
Anii,Niger-Congo
Animere,Niger-Congo
Anuak,Nilo-Saharan
Aoheng,Austronesian
Aore,Austronesian
Apatani,Sino-Tibetan
Apma,Austronesian
Apolista,Arawakan
Aputai,Austronesian
Arabana,Pama-Nyungan
Aranadan,Dravidian
Arara-Karo,Tupian
Araweté,Tupian
Arawum,Trans-New Guinea
Are,Austronesian
Arhuaco,Macro-Chibchan
Aribwatsa,Austronesian
Arikapú,Macro-Jê
Aringa,Nilo-Saharan
Arop-Lokep,Austronesian
Arritinngithigh,unclassified
Arutani,unclassified
Aruá,Tupian
Ashraaf,Afroasiatic
Asháninka,Arawakan
Ashéninka Pajonal,Arawakan
Asoa,Nilo-Saharan
Assangori,Nilo-Saharan
Atampaya,Pama-Nyungan
Atemble,Trans-New Guinea
Athpare,Sino-Tibetan
Atohwaim,Trans-New Guinea
Atong (Cameroon),Niger-Congo
Aulua,Austronesian
Aurá,Tupian
Austronesian Mari,Austronesian
Auyana,Trans-New Guinea
Auye,Trans-New Guinea
Avatime,Niger-Congo
Avá-Canoeiro,Tupian
Awa (New Guinea),Trans-New Guinea
Awara,Trans-New Guinea
Awera,Lakes Plain
Awjila,Afroasiatic
Awngi,Afroasiatic
Awngthim,Pama-Nyungan
Awyi,Border
Axamb,Austronesian
Axi Yi,Sino-Tibetan
Ayoquesco Zapotec,Oto-Manguean
Azha,Sino-Tibetan
Azoyú Me'phaa,Oto-Manguean
Baan,Niger-Congo
Babungo,Niger-Congo
Badaga,Dravidian
Bade,Afroasiatic
Badeshi,Indo-European
Bafanji,Niger-Congo
Bafut,Niger-Congo
Bagirmi,Nilo-Saharan
Bagua,unclassified
Bagupi,Trans-New Guinea
Baham,Papuan
Bahau,Austronesian
Bahinemo,Sepik
Bahing,Sino-Tibetan
Baimak,Trans-New Guinea
Bakairí,Cariban
Baki,Austronesian
Bakoko,Niger-Congo
Bakulung,Niger-Congo
Bakumpai,Austronesian
Balangao,Austronesian
Balanta-Kentohe,Niger-Congo
Baliledo,Austronesian
Balo,Niger-Congo
Baluan-Pam,Austronesian
Bambam,Austronesian
Bamwe,Niger-Congo
Bana,Afroasiatic
Banda-Bambari,Niger-Congo
Bandi,Niger-Congo
Bangandu,Niger-Congo
Bangi,Niger-Congo
Bangime,isolate
Baniwa,Arawakan
Banka,Niger-Congo
Bankan Tey Dogon,Niger-Congo
Barapasi,East Geelvink Bay
Barbareño,Chumashan
Barikewa,Trans-New Guinea
Barok,Austronesian
Barombi,Niger-Congo
Barranbinya,Pama-Nyungan
Barí,Macro-Chibchan
Basa,Niger-Congo
Basaa,Niger-Congo
Basap,Austronesian
Basketo,Afroasiatic
Batanga,Niger-Congo
Bathari,Afroasiatic
Bauzi,East Geelvink Bay
Bayogoula,unclassified
Bayungu,Pama-Nyungan
Bebe,Niger-Congo
Bedjond,Nilo-Saharan
Beezen,Niger-Congo
Bekati',Austronesian
Beli,Nilo-Saharan
Ben Tey,Niger-Congo
Benabena,Trans-New Guinea
Beneraf,Tor-Kwerba
Beng,Niger-Congo
Berik,Tor-Kwerba
Berti,Nilo-Saharan
Bhilali,Indo-European
Biangai,Papuan
Biao Mon,Hmong-Mien
Bibaali,Niger-Congo
Bidiyo,Afroasiatic
Bidyara,Pama-Nyungan
Bimin,Trans-New Guinea
Bimoba,Niger-Congo
Binandere,Trans-New Guinea
Binongan Itneg,Austronesian
Bipi,Austronesian
Birao,Austronesian
Birgit,Afroasiatic
Biritai,Lakes Plain
Birwa,Niger-Congo
Bisu,Sino-Tibetan
Bitare,Niger-Congo
Blablanga,Austronesian
Blang,Austroasiatic
Bo-Rukul,Niger-Congo
Boano (Maluku),Austronesian
Boano (Sulawesi),Austronesian
Bobongko,Austronesian
Bobot,Austronesian
Bodo Gadaba,Austroasiatic
Bofi,Niger-Congo
Bokar,Sino-Tibetan
Bokobaru,Niger-Congo
Bokoto,Niger-Congo
Bokyi,Niger-Congo
Bolango,Austronesian
Boloki,Niger-Congo
Bolongan,Austronesian
Bolyu,Austroasiatic
Bom,Niger-Congo
Bondo,Austroasiatic
Bonerate,Austronesian
Bongo,Nilo-Saharan
Bookan,Austronesian
Bora,Boran
Borong,Trans-New Guinea
Boselewa,Austronesian
Bragat,Torricelli
Brazilian Sign Language,sign language
Bribri,Macro-Chibchan
British Sign Language,sign language
Brokpake,Sino-Tibetan
Bruny Island,unclassified
Bubi,Niger-Congo
Buduma,Afroasiatic
Budza,Niger-Congo
Bugun,Sino-Tibetan
Buhi'non Bikol,Austronesian
Bukar-Sadung Bidayuh,Austronesian
Bukusu,Niger-Congo
Bumthangkha,Sino-Tibetan
Bunaba,Bunuban
Bunak,Trans-New Guinea
Bungku,Austronesian
Bungu,Niger-Congo
Bunoge,Niger-Congo
Burduna,Pama-Nyungan
Burji,Afroasiatic
Burmeso,West Papuan
Buru (Indonesia),Austronesian
Buruwai,Trans-New Guinea
Busam,Niger-Congo
Busami,Austronesian
Busang Kayan,Austronesian
Butmas-Tur,Austronesian
Buwal,Afroasiatic
Byangsi,Sino-Tibetan
Cabiyarí,Arawakan
Cacua,Nadahup
Caddo,Caddoan
Calabrian Greek,Indo-European
Caluyanun,Austronesian
Candoshi-Shapra,isolate
Canichana,isolate
Cara,Niger-Congo
Cariay,Arawakan
Cashibo-Cacataibo,Pano-Tacanan
Cashinahua,Pano-Tacanan
Catío Chibcha,Macro-Chibchan
Cayubaba,isolate
Cañari,unclassified
Central Asmat,Trans-New Guinea
Central Mahuatlán Zapoteco,Oto-Manguean
Central Masela,Austronesian
Central Sama,Austronesian
Central Subanen,Austronesian
Central Tunebo,Macro-Chibchan
Chadong,Kra-Dai
Chaha,Afroasiatic
Chaima,Cariban
Chali,Sino-Tibetan
Chambri,Lower Sepik
Chang,Sino-Tibetan
Chaudangsi,Sino-Tibetan
Chaura,Austroasiatic
Chichimeca-Jonaz,Oto-Manguean
Chimalapa Zoque,Mixe-Zoquean
Chimila,Macro-Chibchan
Chinali,Indo-European
Chinook,Chinookan
Chono,unclassified
Chopi,Niger-Congo
Chuka,Niger-Congo
Chácobo,Pano-Tacanan
Cibak,Afroasiatic
Cicipu,Niger-Congo
Ciguayo,unclassified
Cinta Larga,Tupian
Classical Newar,Sino-Tibetan
Coatecas Altas Zapotec,Oto-Manguean
Coatlán Zapotec,Oto-Manguean
Coatzospan Mixtec,Oto-Manguean
Cocos Islands Malay,creole or pidgin
Cotabato Manobo,Austronesian
Cross River Mbembe,Niger-Congo
Cruzeño,Chumashan
Cua,Austroasiatic
Cubeo,Tucanoan
Cuitlatec,isolate
Culina,Arauan
Cumanagoto,Chapacuran
Cun,Kra-Dai
Cung,Niger-Congo
Da'a Kaili,Austronesian
Daai Chin,Sino-Tibetan
Daga,Trans-New Guinea
Dahalik,Afroasiatic
Dai,Austronesian
Dakaka,Austronesian
Dakpa,Sino-Tibetan
Dangaléat,Afroasiatic
Dano,Trans-New Guinea
Darmiya,Sino-Tibetan
Daro-Matu Melanau,Austronesian
Dass,Afroasiatic
Dawera-Daweloor,Austronesian
Dawro,Afroasiatic
Day,Niger-Congo
Dazaga,Nilo-Saharan
Defaka,Niger-Congo
Deg,Niger-Congo
Degenan,Trans-New Guinea
Delta Yokuts,Yok-Utian
Demisa,East Geelvink Bay
Demta,West Papuan
Dhalandji,Pama-Nyungan
Dhimal,Sino-Tibetan
Dia,Torricelli
Dibo,Niger-Congo
Dilling,Nilo-Saharan
Dinapigue Agta,Austronesian
Dineor,Tor-Kwerba
Diuxi-Tilantongo Mixtec,Oto-Manguean
Dixon Reef,Austronesian
Dizin,Afroasiatic
Dobel,Austronesian
Doe,Niger-Congo
Doga,Austronesian
Dogul Dom,Niger-Congo
Dompo,Niger-Congo
Dongshanba Lalo,Sino-Tibetan
Dorasque,Macro-Chibchan
Doura,Austronesian
Dubu,Pauwasi
Duhwa,Afroasiatic
Duit,Macro-Chibchan
Duma,Niger-Congo
Dumpas,Austronesian
Duna,Papuan
Duri,Austronesian
Duriankere,Trans-New Guinea
Dzala,Sino-Tibetan
Dzao Min,Hmong-Mien
Dzuun,Niger-Congo
E'ma Buyang,Kra-Dai
East Damar,Austronesian
East Masela,Austronesian
Eastern Acipa,Niger-Congo
Eastern Keres,Keresan
Eastern Ngad'a,Austronesian
Eastern Penan,Austronesian
Ebrié,Niger-Congo
Efutop,Niger-Congo
Eggon,Niger-Congo
Eipomek,Trans-New Guinea
Ekajuk,Niger-Congo
Ekari,Trans-New Guinea
Ekpeye,Niger-Congo
Eleme,Niger-Congo
Elotepec Zapotec,Oto-Manguean
Eloyi,Niger-Congo
Emae,Austronesian
Eman,Niger-Congo
Emberá-Catío,Chocoan
Emberá-Chamí,Chocoan
Emberá-Tadó,Chocoan
Embu,Niger-Congo
En,Kra-Dai
Ende,Austronesian
Engenni,Niger-Congo
Enlhet,Mascoian
Enxet,Mascoian
Eotile,Niger-Congo
Epena,Chocoan
Esselen,isolate
Etebi,Niger-Congo
Eten,Niger-Congo
Eteocretan,unclassified
Evant,Niger-Congo
Eyak,Dene-Yeniseian
Fagani,Austronesian
Fanamaket,Austronesian
Fang (Beboid),Niger-Congo
Fas,Papuan
Fayu,Lakes Plain
Fe'fe',Niger-Congo
Fembe,Trans-New Guinea
Fipa,Niger-Congo
Flinders Island,Pama-Nyungan
Fogaha,Afroasiatic
Fore,Trans-New Guinea
Fungwa,Niger-Congo
Fwâi,Austronesian
Fyer,Afroasiatic
Ga'dang,Austronesian
Gaam,Nilo-Saharan
Gaddang,Austronesian
Gal,Trans-New Guinea
Galela,West Papuan
Galice,Dene-Yeniseian
Galoli,Austronesian
Gamela,unclassified
Gana,Austronesian
Ganglau,Trans-New Guinea
Gapapaiwa,Austronesian
Garus,Trans-New Guinea
Gashowu,Yok-Utian
Gavar,Afroasiatic
Gawwada,Afroasiatic
Gayil,Afroasiatic
Gayón,Jirajaran
Gban,Niger-Congo
Gbanu,Niger-Congo
Gbanziri,Niger-Congo
Gbaya-Bossangoa,Niger-Congo
Gbaya-Bozoum,Niger-Congo
Gbayi,Niger-Congo
Gbiri-Niragu,Niger-Congo
Gciriku,Niger-Congo
Geji,Afroasiatic
Gele',Austronesian
Gen,Niger-Congo
Gende,Trans-New Guinea
Gerka,Afroasiatic
Ghadames,Afroasiatic
Ghomala',Niger-Congo
Gimi (Goroka),Papuan
Gitua,Austronesian
Gitxsan,Tsimshianic
Gokhy,Sino-Tibetan
Gola,Niger-Congo
Gor,Nilo-Saharan
Green Hmong,Hmong-Mien
Gresi,Nimboran
Guahibo,Guahiban
Guajá,Tupian
Guambiano,Barbacoan
Guayabero,Guahiban
Gude,Afroasiatic
Guevea de Humboldt Zapotec,Oto-Manguean
Gugu Badhun,Pama-Nyungan
Guinau,Arawakan
Guiqiong,Sino-Tibetan
Gulay,Nilo-Saharan
Gumalu,Trans-New Guinea
Gumawana,Austronesian
Gun,Niger-Congo
Gunu,Niger-Congo
Gunya,Pama-Nyungan
Gupa-Abawa,Niger-Congo
Gupapuyngu,Pama-Nyungan
Guro,Niger-Congo
Guruntum,Afroasiatic
Guyanese Creole English,creole or pidgin
Guébie,Niger-Congo
Gvoko,Afroasiatic
Gwahatike,Trans-New Guinea
Gwara,Niger-Congo
Gweda,Austronesian
Gwere,Niger-Congo
Hadiyya,Afroasiatic
Haeke,Austronesian
Hahon,Austronesian
Hainyaxo Bozo,Niger-Congo
Halbi,Indo-European
Hamer-Banna,Afroasiatic
Haroi,Austronesian
Hasha,Niger-Congo
Hatam,West Papuan
Hattic,isolate
Haush,Chonan
Haveke,Austronesian
Haya,Niger-Congo
Hehe,Niger-Congo
Heiltsuk,Wakashan
Helong,Austronesian
Herdé,Afroasiatic
Heyo,Torricelli
Highland Oaxaca Chontal,Hokan
Hitchiti,Muskogean
Hlepho Phowa,Sino-Tibetan
Holikachuk,Dene-Yeniseian
Horom,Niger-Congo
Hrangkhol,Sino-Tibetan
Hre,Austroasiatic
Hruso,Sino-Tibetan
Hu,Austroasiatic
Huambisa,Jivaroan
Huba,Afroasiatic
Hula,Austronesian
Hyam,Niger-Congo
Iaai,Austronesian
Ibani,Niger-Congo
Idi,Papuan
Idu,Sino-Tibetan
Iduna,Austronesian
Ifè,Niger-Congo
Ikizu,Niger-Congo
Iko,Niger-Congo
Ikobi-Mena,Trans-New Guinea
Ikulu,Niger-Congo
Ila,Niger-Congo
Ilgar,Iwaidjan
Ilianen Manobo,Austronesian
Indian Sign Language,sign language
Indus Kohistani,Indo-European
Ipai,Yuman-Cochimí
Ipiko,Trans-New Guinea
Ipulo,Niger-Congo
Iquito,Zaparoan
Irish Sign Language,sign language
Irula,Dravidian
Isabi,Trans-New Guinea
Isebe,Trans-New Guinea
Ishkashimi,Indo-European
Itik,Tor-Kwerba
Itonama,isolate
Iwal,Austronesian
Ixcatec,Oto-Manguean
Iyive,Niger-Congo
Jabem,Austronesian
Jamsay,Niger-Congo
Janday,Pama-Nyungan
Japanese Sign Language,Japanese Sign Languages
Jaru,Pama-Nyungan
Jawe,Austronesian
Jeh,Austroasiatic
Jeikó,Macro-Jê
Jenaama Bozo,Niger-Congo
Jeri Kuo,Niger-Congo
Jerung,Sino-Tibetan
Jibu,Niger-Congo
Jili,Niger-Congo
Jilim,Trans-New Guinea
Jirajara,Jirajaran
Jita,Niger-Congo
Jowulu,Niger-Congo
Juang,Austroasiatic
Jur Modo,Nilo-Saharan
Jurúna,Tupian
Kabishiana,Tupian
Kaera,Trans-New Guinea
Kagoro,Niger-Congo
Kahua,Austronesian
Kaiy,Lakes Plain
Kakabe,Niger-Congo
Kaki Ae,Austronesian
Kalabari,Niger-Congo
Kalagan,Austronesian
Kalanga,Niger-Congo
Kalapuya,Kalapuyan
Kaluli,Trans-New Guinea
Kamang,Trans-New Guinea
Kamarian,Austronesian
Kambaata,Afroasiatic
Kami,Niger-Congo
Kamwe,Afroasiatic
Kandas,Austronesian
Kaningdon-Nindem,Niger-Congo
Kanju,Pama-Nyungan
Kanowit,Austronesian
Kapauri,Tor-Kwerba
Kapin,Austronesian
Karaga Mandaya,Austronesian
Karankawa,unclassified
Karbi,Sino-Tibetan
Kare (New Guinea),Trans-New Guinea
Karekare,Afroasiatic
Kariri,Macro-Jê
Karkar-Yuri,Pauwasi
Katembri,unclassified
Katukina,Pano-Tacanan
Kaure,Papuan
Kauwera,Tor-Kwerba
Kawacha,Trans-New Guinea
Kaxararí,Pano-Tacanan
Kayabí,Tupian
Kayagar,Trans-New Guinea
Kayan River Kayan,Austronesian
Kayeli,Austronesian
Kayupulau,Austronesian
Keliko,Nilo-Saharan
Kelon,Trans-New Guinea
Kemak,Austronesian
Kemezung,Niger-Congo
Kemi Sami,Uralic
Kemtuik,Nimboran
Kenga,Nilo-Saharan
Keningau Murut,Austronesian
Keoru-Ahia,Trans-New Guinea
Kera,Afroasiatic
Kereho,Austronesian
Kerewo,Kiwaian
Khana,Niger-Congo
Kharia,Austroasiatic
Khengkha,Sino-Tibetan
Khonso,Afroasiatic
Khwarezmian,Indo-European
Kibena,Niger-Congo
Kibiri,Papuan
Kikami,Niger-Congo
Kinalakna,Trans-New Guinea
Kiowa,Kiowa-Tanoan
Kir-Balar,Afroasiatic
Kirfi,Afroasiatic
Kirya-Konzel,Afroasiatic
Kisar,Austronesian
Kitanemuk,Uto-Aztecan
Kitsai,Caddoan
Klao,Niger-Congo
Klias River Kadazan,Austronesian
Koalib,Niger-Congo
Kobol,Trans-New Guinea
Kodi,unclassified
Kofyar,Afroasiatic
Koho,Austroasiatic
Kolbila,Niger-Congo
Koluwawa,Austronesian
Komba,Trans-New Guinea
Komyandaret,Trans-New Guinea
Konabéré,Niger-Congo
Konda,Trans-New Guinea
Konkomba,Niger-Congo
Konomala,Austronesian
Konomihu,Hokan
Koorete,Afroasiatic
Koreguaje,Tucanoan
Korku,Austroasiatic
Koro (India),Sino-Tibetan
Koronadal Blaan,Austronesian
Koroni,Austronesian
Korowai,Trans-New Guinea
Korwa,Austroasiatic
Kovai,Trans-New Guinea
Kowaki,Trans-New Guinea
Koyo,Niger-Congo
Kpan,Niger-Congo
Kpasam,Niger-Congo
Kpee,Niger-Congo
Kpelle,Niger-Congo
Krobu,Niger-Congo
Krongo,Kadu
Kryts,North Caucasian
Kugbo,Niger-Congo
Kugu-Muminh,Pama-Nyungan
Kuku-Uwanh,Pama-Nyungan
Kulere,Afroasiatic
Kulisusu,Austronesian
Kumaoni,Indo-European
Kumukio,Trans-New Guinea
Kumzari,Indo-European
Kunama,unclassified
Kupa,Niger-Congo
Kuranko,Niger-Congo
Kuri,Austronesian
Kuria,Niger-Congo
Kuuk Thaayorre,Pama-Nyungan
Kuy,Austroasiatic
Kwadi,Khoe-Kwadi
Kwang,Afroasiatic
Kwanja,Niger-Congo
Kwanka,Niger-Congo
Kwaya,Niger-Congo
Kyenga,Niger-Congo
Kâte,Trans-New Guinea
Laal,unclassified
Labu,Austronesian
Labuk-Kinabatangan Kadazan,Austronesian
Lachixío Zapotec,Oto-Manguean
Lafofa,Niger-Congo
Lagwan,Afroasiatic
Laha (Vietnam),Kra-Dai
Lakalei,Austronesian
Lamang,Afroasiatic
Lamet,Austroasiatic
Langnian Buyang,Kra-Dai
Lango (Uganda),Nilo-Saharan
Lapaguía-Guivini Zapotec,Oto-Manguean
Lardil,Tangkic
Laru,Niger-Congo
Latundê,Nambikwaran
Lauje,Austronesian
Lavatbura-Lamusong,Austronesian
Laven,Austroasiatic
Leipon,Austronesian
Lele (Chad),Afroasiatic
Lemio,Trans-New Guinea
Lemnian,Tyrsenian
Ligbi,Niger-Congo
Likum,Austronesian
Linngithigh,Pama-Nyungan
Lipan,Dene-Yeniseian
Lishanid Noshan,Afroasiatic
Lishán Didán,Afroasiatic
Lo-Toga,Austronesian
Logba,Niger-Congo
Logo,Nilo-Saharan
Logooli,Niger-Congo
Loko,Niger-Congo
Loloda,West Papuan
Long Wat,Austronesian
Longgu,Austronesian
Longuda,Niger-Congo
Lonwolwol,Austronesian
Looma,Niger-Congo
Lotuko,Nilo-Saharan
Lower Grand Valley Dani,Trans-New Guinea
Lower Nossob,Tuu
Loxicha Zapotec,Oto-Manguean
Luba-Katanga,Niger-Congo
Lugbara,Nilo-Saharan
Luguru,Niger-Congo
Luhu,Austronesian
Lumbu,Niger-Congo
Lumun,Niger-Congo
Luri (Nigeria),Afroasiatic
Luwo,Nilo-Saharan
Ma Manda,Trans-New Guinea
Ma'ya,Austronesian
Mabaan,Nilo-Saharan
Macaguán,Guahiban
Machame,Niger-Congo
Macoris,unclassified
Macuna,Tucanoan
Madak,Austronesian
Magori,Austronesian
Mailu,Trans-New Guinea
Mairasi,Mairasi
Majang,Nilo-Saharan
Mak (China),Kra-Dai
Makah,Wakashan
Makolkol,Baining
Makonde,Niger-Congo
Maku'a,Austronesian
Mala (New Guinea),Trans-New Guinea
Malaccan Creole Malay,creole or pidgin
Malalamai,Austronesian
Malango,Austronesian
Malaynon,Austronesian
Male,Trans-New Guinea
Malibu,unclassified
Malila,Niger-Congo
Mam,Mayan
Mamaindé,Nambikwaran
Manambu,Sepik
Manao,Arawakan
Manda (Australia),Daly
Manda (India),Dravidian
Mandahuaca,Arawakan
Mandailing Batak,Austronesian
Mandara,Austronesian
Mandeali,Indo-European
Mangas,Afroasiatic
Manikion,West Papuan
Manipa,Austronesian
Mankanya,Niger-Congo
Mano,Niger-Congo
Manza,Niger-Congo
Maonan,Kra-Dai
Mapidian,Arawakan
Mapos Buang,Austronesian
Mapoyo,Cariban
Maratino,unclassified
Marawan,Arawakan
Marba,Afroasiatic
Margany,Pama-Nyungan
Maridjabin,Daly
Marik,Austronesian
Marimanindji,Daly
Maringarr,Daly
Marriammu,Daly
Masalit,Nilo-Saharan
Maskelynes,Austronesian
Matagalpa,Macro-Chibchan
Matanawi,unclassified
Matbat,Austronesian
Matengo,Niger-Congo
Matepi,Trans-New Guinea
Matukar,Austronesian
Matumbi,Niger-Congo
Maung,Iwaidjan
Mawak,Trans-New Guinea
Mawan,Trans-New Guinea
Mawayana,Arawakan
Mawes,Papuan
Mayangna,Macro-Chibchan
Maykulan,Pama-Nyungan
Maynas,unclassified
Maypure,Arawakan
Mazatlán Mazatec,Oto-Manguean
Mbandja,Niger-Congo
Mbesa,Niger-Congo
Mbiywom,Pama-Nyungan
Mbre,Niger-Congo
Mbu',Niger-Congo
Mbudum,Afroasiatic
Mbunda,Niger-Congo
Mbuun,Niger-Congo
Medebur,Austronesian
Media Lengua,creole or pidgin
Mefele,Afroasiatic
Mehináku,Arawakan
Mekeo,Austronesian
Mekwei,Nimboran
Melo,Afroasiatic
Memoni,Indo-European
Mengen,Austronesian
Menien,Macro-Jê
Menka,Niger-Congo
Meramera,Austronesian
Merey,Afroasiatic
Mesaka,Niger-Congo
Meyah,West Papuan
Mfinu,Niger-Congo
Middle Cornish,Indo-European
Middle Watut,Austronesian
Migaama,Afroasiatic
Miju,Sino-Tibetan
Milang,unclassified
Mimi of Decorse,unclassified
Mimi of Nachtigal,unclassified
Minanibai,Trans-New Guinea
Minaveha,Austronesian
Minderico,Indo-European
Minica Huitoto,Huitoto-Ocaina
Minidien,Torricelli
Minigir,Austronesian
Miship,Afroasiatic
Mising,Sino-Tibetan
Mixtepec Zapotec,Oto-Manguean
Miya,Afroasiatic
Mlap,Nimboran
Mocana,unclassified
Mocho,Mayan
Modang,Austronesian
Modole,West Papuan
Mofu-Gudur,Afroasiatic
Molbog,Austronesian
Molima,Austronesian
Molmo One,Torricelli
Molo,Nilo-Saharan
Mongo,Niger-Congo
Montol,Afroasiatic
Monumbo,Torricelli
Mor (Austronesian),Austronesian
Moran,Sino-Tibetan
Morigi,Kiwaian
Morom,Nilo-Saharan
Mortlockese,Austronesian
Moru,Nilo-Saharan
Mosimo,Trans-New Guinea
Mota,Austronesian
Mouk-Aria,Austronesian
Mpade,Afroasiatic
Mpotovoro,Austronesian
Mpuono,Niger-Congo
Mpur,West Papuan
Mru,Sino-Tibetan
Mualang,Austronesian
Mubi,Afroasiatic
Mucuchí,unclassified
Muellama,Barbacoan
Mum,Trans-New Guinea
Mundabli,Niger-Congo
Mundani,Niger-Congo
Mundat,Afroasiatic
Mungaka,Niger-Congo
Mungbam,Niger-Congo
Mungkip,Trans-New Guinea
Mur Pano,Austronesian
Murik (New Guinea),Lower Sepik
Murupi,Trans-New Guinea
Musar,Trans-New Guinea
Musi,Austronesian
Musom,Austronesian
Mwaghavul,Afroasiatic
Na,Sino-Tibetan
Naba,Nilo-Saharan
Nabak,Trans-New Guinea
Nadëb,Nadahup
Nafi,Austronesian
Nage,Austronesian
Nagtipunan Agta,Austronesian
Nake,Trans-New Guinea
Naki,Niger-Congo
Namakura,Austronesian
Nambya,Niger-Congo
Nande,Niger-Congo
Nar Phu,Sino-Tibetan
Naro,Khoe-Kwadi
Narom,Austronesian
Narua,Sino-Tibetan
Naskapi,Algic
Natú,unclassified
Nauete,Austronesian
Naukanski,Eskimo-Aleut
Nayi,Afroasiatic
Ndali,Niger-Congo
Ndemli,Niger-Congo
Ndjébbana,Arnhem
Ndo,Nilo-Saharan
Ndom,Trans-New Guinea
Nedebang,Trans-New Guinea
Nefusa,Afroasiatic
Negeri Sembilan Malay,Austronesian
Nek,Trans-New Guinea
Nemi,Austronesian
Ngalakan,Arnhem
Ngalum,Trans-New Guinea
Ngamambo,Niger-Congo
Ngamo,Afroasiatic
Ngandi,Arnhem
Ngarinyin,Worrorran
Ngarluma,Pama-Nyungan
Ngbaka,Niger-Congo
Ngbaka Ma'bo,Niger-Congo
Ngbaka Manza,Niger-Congo
Ngizim,Afroasiatic
Ngkoth,Pama-Nyungan
Ngochang,Sino-Tibetan
Ngomba,Niger-Congo
Ngombe (Congo),Niger-Congo
Ngoshie,Niger-Congo
Nicola,Dene-Yeniseian
Nilamba,Niger-Congo
Nimboran,Nimboran
Ninggerum,Trans-New Guinea
Ninzo,Niger-Congo
Nisga'a,Tsimshianic
Niwer Mil,Austronesian
Njen,Niger-Congo
Nkari,Niger-Congo
Nkonya,Niger-Congo
Nkoroo,Niger-Congo
Nobonob,Papuan
Nomlaki,Wintuan
Nonuya,Huitoto-Ocaina
Nopala Chatino,Oto-Manguean
Noric,Indo-European
North Ambrym,Austronesian
North Efate,Austronesian
North Giziga,Afroasiatic
North Tairora,Trans-New Guinea
North Watut,Austronesian
Northeast Pashayi,Indo-European
Northern Alta,Austronesian
Northern Pumi,Sino-Tibetan
Northwest Gbaya,Niger-Congo
Notsi,Austronesian
Nsari,Niger-Congo
Ntcham,Niger-Congo
Nuk,Trans-New Guinea
Nukak Makú,Nadahup
Numana,Niger-Congo
Numanggang,Trans-New Guinea
Nung,Kra-Dai
Nunggubuyu,Arnhem
Nusu,Sino-Tibetan
Nutabe,Macro-Chibchan
Nyamwanga,Niger-Congo
Nyangbo,Niger-Congo
Nyaturu,Niger-Congo
Nyaw,Kra-Dai
Nyiha,Niger-Congo
Nyimang,Nilo-Saharan
Nyindrou,Austronesian
Nyoro,Niger-Congo
Nyulnyul,Nyulnyulan
Nzanyi,Afroasiatic
Nüpode Huitoto,Huitoto-Ocaina
Nǀuu,Tuu
Obispeño,Chumashan
Obolo,Niger-Congo
Ocotlán Zapotec,Oto-Manguean
Odual,Niger-Congo
Ogbah,Niger-Congo
Ogbia,Niger-Congo
Ogea,Trans-New Guinea
Oirata,Trans-New Guinea
Okobo,Niger-Congo
Okodia,Niger-Congo
Okolod,Austronesian
Oksapmin,Trans-New Guinea
Okwanuchu,Hokan
Omagua,Tupian
Omba,Austronesian
Omi,Nilo-Saharan
Onin,Austronesian
Opao,Trans-New Guinea
Opón,Cariban
Oroha,Austronesian
Orokolo,Trans-New Guinea
Oruma,Niger-Congo
Orya,Tor-Kwerba
Osatu,Niger-Congo
Ot Danum,Austronesian
Ottawa,Algic
Oyda,Afroasiatic
Ozolotepec Zapotec,Oto-Manguean
Pa,Trans-New Guinea
Pa'a,Afroasiatic
Paelignian,Indo-European
Pagu,West Papuan
Pahanan Agta,Austronesian
Pai-lang,Sino-Tibetan
Paicî,Austronesian
Paikoneka,Arawakan
Pajapan Nahuatl,Uto-Aztecan
Pakanha,Pama-Nyungan
Pal,Trans-New Guinea
Palewyami,Yok-Utian
Palor,Niger-Congo
Palta,unclassified
Pamigua,Otomacoan
Pamlico,Algic
Pana (Central Africa),Niger-Congo
Panamint,Uto-Aztecan
Pande,Niger-Congo
Pangseng,Niger-Congo
Pangwa,Niger-Congo
Pankararú,unclassified
Papar,Austronesian
Parawen,Trans-New Guinea
Patagón,unclassified
Pattani,Sino-Tibetan
Patwin,Wintuan
Paunaca,Arawakan
Pawaia,Papuan
Payaguá,Mataco-Guaicuru
Peere,Niger-Congo
Pendau,Austronesian
Perema,Niger-Congo
Phola,Sino-Tibetan
Phom,Sino-Tibetan
Phuza,Sino-Tibetan
Piamatsina,Austronesian
Piapoco,Arawakan
Pichinglis,creole or pidgin
Picuris,Kiowa-Tanoan
Pije,Austronesian
Pimbwe,Niger-Congo
Pingelapese,Austronesian
Pintiini,Pama-Nyungan
Pinyin,Niger-Congo
Pitta-Pitta,Pama-Nyungan
Plains Apache,Dene-Yeniseian
Pom,Austronesian
Ponosakan,Austronesian
Pouye,Sepik
Proto-Atlantic-Congo,Niger-Congo
Proto-Bungku-Tolaki,Austronesian
Proto-Central Chadic,Afroasiatic
Proto-Hurro-Urartian,Hurro-Urartian
Proto-Loloish,Sino-Tibetan
Proto-Numic,Uto-Aztecan
Proto-Pomo,Hokan
Proto-Rukai,Austronesian
Proto-Saka,Indo-European
Proto-Sara,Nilo-Saharan
Proto-Siouan-Catawban,Siouan-Catawban
Proto-Southwestern Tai,Kra-Dai
Proto-Takic,Uto-Aztecan
Puinave,unclassified
Pulabu,Trans-New Guinea
Pumé,unclassified
Punan Tubu,Austronesian
Punu,Niger-Congo
Puragi,Trans-New Guinea
Purari,Papuan
Purukotó,Cariban
Pwaamei,Austronesian
Q'eqchi,Mayan
Qabiao,Kra-Dai
Qaqet,Baining
Queyu,Sino-Tibetan
Quimbaya,unclassified
Quioquitani-Quierí Zapotec,Oto-Manguean
Rahambuu,Austronesian
Rakahanga-Manihiki,Austronesian
Ralte,Sino-Tibetan
Rang,Niger-Congo
Rapting,Trans-New Guinea
Rara Bakati',Austronesian
Raute,Sino-Tibetan
Rejang Kayan,Austronesian
Rempi,Trans-New Guinea
Rerau,Trans-New Guinea
Rerep,Austronesian
Reshe,Niger-Congo
Resígaro,Arawakan
Retta,Trans-New Guinea
Riantana,Trans-New Guinea
Ritarungo,Pama-Nyungan
Rombo,Niger-Congo
Ron,Afroasiatic
Ronji,Austronesian
Roon,Austronesian
Roviana,Austronesian
Rumai Palaung,Austroasiatic
Rumu,Trans-New Guinea
Rungwa,Niger-Congo
Russenorsk,creole or pidgin
Rwa,Niger-Congo
Saafi-Saafi,Niger-Congo
Saamia,Niger-Congo
Sacapulteco,Mayan
Saep,Trans-New Guinea
Safwa,Niger-Congo
Sahu,West Papuan
Saliba (New Guinea),Austronesian
Samarokena,Tor-Kwerba
Sambe,Niger-Congo
Samosa,Trans-New Guinea
Samtao,Austroasiatic
San Agustín Mixtepec Zapotec,Oto-Manguean
San Baltazar Loxicha Zapotec,Oto-Manguean
San Marcos Tlalcoyalco Popoloca,Oto-Manguean
San Pedro Quiatoni Zapotec,Oto-Manguean
San Vicente Coatlán Zapotec,Oto-Manguean
Sanapaná,Mascoian
Sandawe,isolate
Sani,Sino-Tibetan
Santa Catarina Albarradas Zapotec,Oto-Manguean
Santa Inés Yatzechi Zapotec,Oto-Manguean
Santa María Quiegolani Zapotec,Oto-Manguean
Santa María Zacatepec Mixtec,Oto-Manguean
Santiago Xanica Zapotec,Oto-Manguean
Santo Domingo Albarradas Zapotec,Oto-Manguean
Sanumá,Yanomami
Saponi,Papuan
Saposa,Austronesian
Sar,Nilo-Saharan
Sara,Austronesian
Sarangani Blaan,Austronesian
Sarangani Manobo,Austronesian
Sarasira,Austronesian
Saraveca,Arawakan
Saruga,Trans-New Guinea
Sausi,Trans-New Guinea
Sawriya Paharia,Dravidian
Saya,Afroasiatic
Sebat Bet Gurage,Afroasiatic
Sebop,Austronesian
Secoya,Tucanoan
Sedoa,Austronesian
Seenku,Niger-Congo
Seim,Sepik
Sekar,Austronesian
Selepet,Trans-New Guinea
Selungai Murut,Austronesian
Sema,Sino-Tibetan
Sena,Niger-Congo
Senggi,Border
Sentani,West Papuan
Sepik Iwam,Sepik
Serili,Austronesian
Serrano,Uto-Aztecan
Seru,Austronesian
Seti,Torricelli
Sha,Afroasiatic
Shama-Sambuga,Niger-Congo
Shanga,Niger-Congo
She,Hmong-Mien
Sheko,Afroasiatic
Sherbro,Niger-Congo
Sherdukpen,Sino-Tibetan
Shinasha,Afroasiatic
Shipibo-Conibo,Pano-Tacanan
Sialum,Trans-New Guinea
Siane,Trans-New Guinea
Siar-Lak,Austronesian
Sicel,Indo-European
Sierra de Juárez Zapotec,Oto-Manguean
Sihan,Trans-New Guinea
Sileibi,Trans-New Guinea
Silimo,Trans-New Guinea
Siliput,Torricelli
Silopi,Trans-New Guinea
Silt'e,Afroasiatic
Sinagen,Torricelli
Siona,Tucanoan
Sira,Niger-Congo
Sirenik,Eskimo-Aleut
Sirionó,Tupian
Siuslaw,unclassified
Siwi,Afroasiatic
Slavey,Dene-Yeniseian
So'a,Austronesian
Sochiapam Chinantec,Oto-Manguean
Sokna,Afroasiatic
Sokoro,Afroasiatic
Solong,Austronesian
Solos,Austronesian
Sop,Trans-New Guinea
South Efate,Austronesian
South Giziga,Afroasiatic
South Muyu,Trans-New Guinea
South Tairora,Trans-New Guinea
South Watut,Austronesian
Southeast Ambrym,Austronesian
Southern Alta,Austronesian
Southern Bobo,Niger-Congo
Southern Carrier,Dene-Yeniseian
Southern Dagaare,Niger-Congo
Southern Hindko,Indo-European
Southern Ma'di,Nilo-Saharan
Southern Qiang,Sino-Tibetan
Southern Rincon Zapotec,Oto-Manguean
Southern Tidong,Austronesian
Southern Tiwa,Kiowa-Tanoan
Southwest Gbaya,Niger-Congo
Southwest Palawano,Austronesian
Subtiaba,Oto-Manguean
Sudest,Austronesian
Suena,Trans-New Guinea
Suki,Trans-New Guinea
Sukur,Afroasiatic
Sulka,isolate
Sulung,Sino-Tibetan
Sumau,Trans-New Guinea
Supyire,Niger-Congo
Sur,Niger-Congo
Suri,Nilo-Saharan
Tabancale,unclassified
Tabasco Zoque,Mixe-Zoquean
Tabla,West Papuan
Tabriak,Lower Sepik
Tadaksahak,Nilo-Saharan
Tagbanwa,Austronesian
Tahltan,Dene-Yeniseian
Tai Hongjin,Kra-Dai
Taikat,Border
Tajio,Austronesian
Takelma,unclassified
Tal,Afroasiatic
Tala,Afroasiatic
Talieng,Austroasiatic
Talise,Austronesian
Taloki,Austronesian
Talu,Sino-Tibetan
Tama (Chad),Nilo-Saharan
Tamambo,Austronesian
Tamanaku,Cariban
Tambas,Afroasiatic
Tampuan,Austroasiatic
Tanacross,Dene-Yeniseian
Tanema,Austronesian
Tangale,Afroasiatic
Tangoa,Austronesian
Tanimbili,Austronesian
Tanjijili,Niger-Congo
Tanudan Kalinga,Austronesian
Tara Baka,Nilo-Saharan
Tarairiú,unclassified
Taruma,unclassified
Tatuyo,Tucanoan
Taupota,Austronesian
Tawang Monpa,Sino-Tibetan
Tawasa,unclassified
Tawoyan,Austronesian
Teanu,Austronesian
Tebul Ure Dogon,Niger-Congo
Tedaga,Nilo-Saharan
Tee,Niger-Congo
Tegali,Niger-Congo
Tejalapan Zapotec,Oto-Manguean
Tembé,Tupian
Temein,Nilo-Saharan
Temiar,Austroasiatic
Temne,Niger-Congo
Tenharim,Tupian
Tennet,Nilo-Saharan
Tequistlatec,Hokan
Terebu,Austronesian
Tese,Nilo-Saharan
Tetserret,Afroasiatic
Texmelucan Zapotec,Oto-Manguean
Thamudic,Afroasiatic
Thangmi,Sino-Tibetan
Thulung,Sino-Tibetan
Tiang,Austronesian
Ticuna,Ticuna-Yuri
Tidore,West Papuan
Tilquiapan Zapotec,Oto-Manguean
Timbe,Trans-New Guinea
Tinigua,unclassified
Tinputz,Austronesian
Titan,Austronesian
Tiv,Niger-Congo
Tiwa,Sino-Tibetan
Tlachichilco Tepehua,Totonacan
Tlacoapa Me'phaa,Oto-Manguean
Tlacolulita Zapotec,Oto-Manguean
Toaripi,Trans-New Guinea
Toba-Maskoy,Mascoian
Tobati,Austronesian
Tobian,Austronesian
Tocho,Niger-Congo
Tolaki,Austronesian
Tomadino,Austronesian
Tomoip,Austronesian
Tonga (Zambia),Niger-Congo
Tooro,Niger-Congo
Torau,Austronesian
Torona,Niger-Congo
Torricelli,Torricelli
Torricelli Yau,Torricelli
Totoro,Barbacoan
Toura,Niger-Congo
Tregami,Indo-European
Tshwa,Khoe-Kwadi
Tsuvadi,Niger-Congo
Tukang Besi North,Austronesian
Tukang Besi South,Austronesian
Tukudede,Austronesian
Tule-Kaweah Yokuts,Yok-Utian
Tulua,Pama-Nyungan
Tumak,Afroasiatic
Tungag,Austronesian
Tunggare,East Geelvink Bay
Tunjung,Austronesian
Tutong,Austronesian
Tututni,Dene-Yeniseian
Tuyuca,Tucanoan
U,Austroasiatic
Uldeme,Afroasiatic
Umiray Dumaget Agta,Austronesian
Umpila,Pama-Nyungan
Unde Kaili,Austronesian
Uneapa,Austronesian
Upper Tanana,Dene-Yeniseian
Uradhi,Pama-Nyungan
Uri,Trans-New Guinea
Urim,Torricelli
Uripiv-Wala-Rano-Atchin,Austronesian
Uruangnirin,Austronesian
Usaghade,Niger-Congo
Usan,Trans-New Guinea
Utarmbung,Trans-New Guinea
Ute,Uto-Aztecan
Utu,Trans-New Guinea
Vaghua,Austronesian
Valle Nacional Chinantec,Oto-Manguean
Vamale,Austronesian
Vangunu,Austronesian
Varisi,Austronesian
Vayu,Sino-Tibetan
Vestinian,Indo-European
Vilela,unclassified
Viti,Niger-Congo
Vunapu,Austronesian
Vute,Niger-Congo
Wabo,Austronesian
Waboda,Kiwaian
Wadjiginy,unclassified
Waffa,Trans-New Guinea
Wagaya,Pama-Nyungan
Wahau Kenyah,Austronesian
Waikuri,unclassified
Wailaki,Dene-Yeniseian
Waima'a,Austronesian
Waimaha,Tucanoan
Waimiri-Atroari,Cariban
Wamas,Trans-New Guinea
Wambaya,Mirndi
Wambon,Trans-New Guinea
Wambule,Sino-Tibetan
Wampar,Austronesian
Wampur,Austronesian
Wan,Niger-Congo
Wanambre,Trans-New Guinea
Wanap,Torricelli
Wangganguru,Pama-Nyungan
Wangkayutyuru,Pama-Nyungan
Wangkumara,Pama-Nyungan
Wantoat,Trans-New Guinea
Wappo,unclassified
War-Jaintia,Austroasiatic
Waritai,Lakes Plain
Warkay-Bipim,Trans-New Guinea
Warlmanpa,Pama-Nyungan
Warluwara,Pama-Nyungan
Watiwa,Trans-New Guinea
Watubela,Austronesian
Wawonii,Austronesian
Wayana,Cariban
Wayumará,Cariban
Wayuu,Arawakan
West Greenlandic Pidgin,creole or pidgin
West Makian,West Papuan
Western Dani,Trans-New Guinea
Western Jicaque,Hokan
Western Lalu,Sino-Tibetan
Western Ojibwa,Algic
Western Subanon,Austronesian
Western Tawbuid,Austronesian
Wik-Me'anha,Pama-Nyungan
Wik-Ngathana,Pama-Nyungan
Wiraféd,Tupian
Wiru,Papuan
Wirö,unclassified
Wogamusin,Sepik
Wolani,Trans-New Guinea
Worimi,Pama-Nyungan
Woun Meu,Chocoan
Wusi,Austronesian
Xakriabá,Macro-Jê
Xanaguía Zapotec,Oto-Manguean
Xinca,Xincan
Xipaya,Tupian
Xiriâna,Arawakan
Xishanba Lalo,Sino-Tibetan
Xokleng,Macro-Jê
Yabarana,Cariban
Yaben,Trans-New Guinea
Yabula Yabula,Pama-Nyungan
Yagua,unclassified
Yagwoia,Trans-New Guinea
Yahang,Torricelli
Yahuna,Tucanoan
Yaka,Niger-Congo
Yakoma,Niger-Congo
Yalarnnga,Pama-Nyungan
Yalunka,Niger-Congo
Yalálag Zapotec,Oto-Manguean
Yambeta,Niger-Congo
Yameo,unclassified
Yaminahua,Pano-Tacanan
Yana,isolate
Yanda Dogon,Niger-Congo
Yandruwandha,Pama-Nyungan
Yangkaal,Tangkic
Yangkam,Niger-Congo
Yangulam,Trans-New Guinea
Yangum Dey,Torricelli
Yangum Mon,Torricelli
Yansi,Niger-Congo
Yaouré,Niger-Congo
Yarawata,Trans-New Guinea
Yarli,Pama-Nyungan
Yarluyandi,Pama-Nyungan
Yasa,Niger-Congo
Yatee Zapotec,Oto-Manguean
Yavitero,Arawakan
Yawa,Papuan
Yawarawarga,Pama-Nyungan
Yaygir,Pama-Nyungan
Yelogu,Sepik
Yeniche,Indo-European
Yeretuar,Austronesian
Yerong,Kra-Dai
Yeskwa,Niger-Congo
Yessan-Mayo,Sepik
Yetfa,Pauwasi
Yidgha,Indo-European
Yil,Torricelli
Yinggarda,Pama-Nyungan
Yinwum,Pama-Nyungan
Yis,Torricelli
Yoke,unclassified
Yongkom,Trans-New Guinea
Yopno,Trans-New Guinea
Yuaga,Austronesian
Yucuna,Arawakan
Yuhup,Nadahup
Yukpa,Cariban
Yuracare,isolate
Yuri,Ticuna-Yuri
Yurutí,Tucanoan
Zakhring,Sino-Tibetan
Zanaki,Niger-Congo
Zangwal,Afroasiatic
Zapotec,Oto-Manguean
Zari,Afroasiatic
Zauzou,Sino-Tibetan
Zhaba,Sino-Tibetan
Zialo,Niger-Congo
Zimakani,Trans-New Guinea
Zimba,Niger-Congo
Zinza,Niger-Congo
Zirenkel,Afroasiatic
Zumbun,Afroasiatic
Àhàn,Niger-Congo
ǀXam,Tuu
